Energy Corr Diss_sim Homogen Contrast
0.587351911209331 0.9918145474237302 5.788754921259843 0.7461921177292983 162.3078248031496
0.6061744206531908 0.991238479357353 5.786909448818897 0.7558153586911379 169.01144192913387
0.6014100186207376 0.9909205268247029 5.81373031496063 0.7633620404593537 178.8657726377953
0.6396557274554459 0.9896898794277702 5.999384842519685 0.7619928767157043 187.21038385826773
0.6114441690367466 0.9904456326116475 5.978715551181103 0.7511899291247044 177.26833169291336
0.6045759454341407 0.9917280480684232 5.571358267716535 0.7612924584634098 162.07886318897638
0.6059990305650842 0.9911551296262744 5.803272637795275 0.7574653565610561 170.4451279527559
0.6001235631912512 0.99067112384202 5.96136811023622 0.7467627638943409 174.60789862204723
0.6257717278277115 0.9900392888594359 5.857037401574803 0.7552072601416665 172.79662893700785
0.6280463121713212 0.9888512717240442 5.965059055118109 0.764892706293575 192.6948818897638
0.6319669531841072 0.988366664726846 6.325664370078739 0.7467204937583957 200.71112204724412
0.6081568685947143 0.9911021563348219 5.801058070866143 0.7558369141348915 171.0654527559055
0.6086785661876266 0.9912637281765925 5.794660433070866 0.7521146796211443 168.25578248031496
0.6105034887970063 0.9914010150080582 5.6983267716535435 0.7589664852134604 166.46985728346456
0.6181687125970259 0.9906965436324345 5.716904527559055 0.7717631107253258 178.14160925196848
0.6136138728692204 0.9900690242473176 6.0552411417322825 0.7586523971058841 188.58710629921256
0.5940435039078659 0.9912367969795927 5.980561023622046 0.7353876513889962 167.62856791338584
0.5936498531960328 0.9915853492470524 5.8001968503937 0.750421655924767 163.67605807086613
0.5876290148322745 0.9911276039587918 5.99261811023622 0.7526669674583639 178.82160433070865
0.600449138035352 0.9918819735697325 5.6576033464566935 0.7492213770323304 157.75652066929132
0.5847001920711198 0.9919609617293254 5.6785187007874 0.7489783376909148 158.36552657480314
0.6050301394738674 0.9907808417034959 5.988558070866142 0.7484403421606396 176.26624015748033
0.6146716154593233 0.9906558683871438 5.890625 0.7528826461764055 173.38976377952758
0.6079918782959794 0.9907870708527554 5.890625 0.7529425540302804 173.0850147637795
0.6184384269514814 0.9907529056694637 5.724040354330709 0.7693079319365312 177.24790846456693
0.5944776986155312 0.992006545886823 5.5951033464566935 0.7632137646489356 163.20103346456693
0.6101938277042199 0.9910051672385676 5.793676181102362 0.7578991677943412 170.13139763779526
0.6165340098301136 0.9895695443012238 6.1392716535433065 0.7533272504230908 190.37696850393704
0.6140225505011584 0.9899944998185075 6.1109744094488185 0.7525207410852797 188.2732529527559
0.5997279846952351 0.9914878210843978 5.794414370078741 0.7475603067989073 163.5030757874016
0.6225839248512651 0.9904568707490397 5.902066929133859 0.754953277756365 174.60088582677164
0.6231745244107917 0.9905290098004133 5.719365157480315 0.7722452775552939 178.19451279527556
0.6159476716196705 0.9902126102327793 5.810531496062993 0.7680249606993637 186.4365157480315
0.6143148264019735 0.9903101719036631 5.894438976377952 0.7609100882646773 182.18122539370077
0.6148911640554442 0.9906914867477526 5.990526574803149 0.7415106376280967 172.8988681102362
0.6133373849088474 0.9906580504242509 5.805610236220472 0.7640380035047555 178.84448818897636
0.6008670090061631 0.990825022925167 5.978838582677165 0.7442500397165094 173.49495570866142
0.5686455855706976 0.9927961699387567 5.481668307086615 0.7564084716325262 152.90206692913387
0.5960192860022001 0.9911072949958738 5.888287401574802 0.7540174996092538 173.5388779527559
0.6019605850902154 0.9912795148986372 5.803518700787401 0.7539741435844015 169.79109251968504
0.5876000352173631 0.9911308681609227 5.989911417322835 0.7458785650789591 175.28100393700788
0.5982559476972407 0.9909454138409155 5.805610236220471 0.7656206198956224 179.66978346456693
0.6203789778326122 0.9898830530217452 5.8951771653543314 0.766521135902562 190.19106791338584
0.6178622684665854 0.9892750443560264 6.225393700787402 0.7492791501050573 192.67236712598424
0.6003911418276756 0.991397736591909 5.786909448818898 0.7506812719236055 166.75775098425197
0.6170328819253666 0.9903337236218147 5.975147637795276 0.7491118074438606 175.91793799212599
0.6014566859975451 0.9907405016887495 5.96468996062992 0.7446249390601715 173.47539370078738
0.6044179540364909 0.9912632516342771 5.890994094488188 0.7455508384817782 170.12647637795274
0.6022844380695428 0.9913094741652266 5.797121062992126 0.7548544846647616 169.21296751968504
0.605465024199835 0.9909748954499423 5.816806102362205 0.7631283316874485 178.83649114173227
0.6112606829523601 0.9906949453884134 5.794783464566929 0.7663760934823585 179.53211122047244
0.590417978077538 0.9910657069155023 5.981914370078741 0.7465265184114979 175.06090059055117
0.6110937440440705 0.9902993368423827 5.900221456692913 0.7597303395607453 181.46899606299212
0.6050765964385342 0.9913181260375141 5.789000984251968 0.7533076237897189 167.69402066929132
0.6144633817910842 0.9899720018713065 5.994340551181102 0.7618325966869388 188.11454232283467
0.6082050777366511 0.9910832458952015 5.793061023622047 0.7581498999777734 170.2423720472441
0.615641037799062 0.9899554792699965 5.999261811023621 0.7582699980815599 185.93996062992125
0.6034242808863511 0.9897332520407918 6.330954724409448 0.7406916988770644 194.00590551181105
0.5973334473356576 0.9916331701512746 5.790969488188976 0.747186840445042 162.48855807086616
0.6027274065929884 0.9906571850639889 5.8893946850393695 0.7595622616567868 180.38275098425197
0.6092963707714881 0.9903815019428198 5.982652559055118 0.7511991458439041 177.27079232283464
0.6085915087776953 0.990150639809473 6.119217519685039 0.7413258521637183 179.30696358267716
0.6278121482354162 0.9905793274853708 5.696112204724409 0.7642017036561685 168.7260088582677
0.6429547352849446 0.9893603581948786 5.833415354330708 0.7576370455535728 177.56483759842519
0.5891235332209991 0.9908718542587897 6.092765748031495 0.7402179199935869 173.16092519685037
0.610993089338055 0.9902985233795409 5.972317913385827 0.7514603565628859 177.0007381889764
0.6144684502351271 0.9904960656470118 5.81126968503937 0.7657303787195657 180.15366633858267
0.6094975223828771 0.9902118816565918 6.014763779527559 0.7571566234808991 186.27891240157481
0.6009888102218034 0.9914559644975437 5.790477362204725 0.7579635892894763 170.1957431102362
0.5970352541836428 0.9909972937415822 5.998277559055118 0.741037167667917 169.1170029527559
0.6054811053673974 0.990316740999095 6.015132874015748 0.7601546823482447 187.34633366141733
0.6155247181387559 0.990734905722444 5.872785433070866 0.7480657767426169 170.1336122047244
0.62299533143086 0.9905227590931143 5.800565944881889 0.7632370846663366 177.81090059055117
0.5847675877305185 0.9915439264978773 5.8919783464566935 0.7447157225322033 166.38533464566927
0.6001014361515907 0.9907488098849346 5.988312007874017 0.7512404192476638 177.17593503937007
0.6190599029520352 0.9900932205561586 5.910802165354331 0.7622525697744937 182.93257874015745
0.6085724504842731 0.9913306269180664 5.718503937007874 0.7631377742377389 168.9574311023622
0.5918154246703211 0.9913435783692482 5.986958661417322 0.7472951864970995 174.6206938976378
0.583617690747627 0.9915008713268723 5.9859744094488185 0.7420013922363797 169.8743848425197
0.6258287264472823 0.9899165216328811 5.8984990157480315 0.7646785664323945 183.6957431102362
0.6016645028182398 0.9904306341427852 6.131520669291339 0.7400984727067812 179.4750246062992
0.5980915035578295 0.9911327351246669 5.9921259842519685 0.7367912066419131 167.93688484251967
0.6175651333468654 0.9907971941881981 5.777436023622048 0.7529877929343688 167.66092519685037
0.6080261097466849 0.9913274255350882 5.7202263779527565 0.7632127416717374 169.02337598425197
0.6029073009731203 0.9909122145161515 5.906619094488189 0.7516105163742094 173.86897145669292
0.5948470349926153 0.9903278699034276 6.165477362204725 0.7404314194930828 181.59375
0.5913460959876081 0.9913339504675588 5.946727362204725 0.7413557355040705 170.552657480315
0.6040160097400089 0.9912378677753302 5.803272637795276 0.7575727939786506 170.388656496063
0.6054552115403113 0.9903917017856286 6.015132874015747 0.7570568865431442 186.0661909448819
0.6146830786386713 0.9897696866224018 5.996924212598425 0.7669310534823259 194.72157972440945
0.5800292904669523 0.9916848395096571 5.9046505905511815 0.7447252833878384 166.71530511811022
0.5971585023402555 0.9914408799847055 5.8046259842519685 0.7588498769273755 171.74286417322836
0.6080546635261896 0.9914485844214094 5.718011811023622 0.7582841068145427 167.00024606299212
0.5889263462232815 0.9913128040226554 6.005659448818898 0.7428045025256915 174.35088582677164
0.615089083303898 0.9908723662777633 5.707800196850394 0.7641116534306083 174.2333907480315
0.6246484863852133 0.9899503697681082 6.102608267716535 0.7519540997822157 187.55696358267716
0.5980405239067198 0.9915337101165951 5.784202755905511 0.7529622634519457 167.94143700787404
0.6083297019403746 0.9912281531818908 5.786909448818897 0.7531883580956736 167.83107775590548
0.6043130126059182 0.9903319444007733 6.006643700787401 0.7603004267798013 187.06053149606296
0.6003257396873851 0.9914689412471095 5.793799212598425 0.7455508666030677 162.48154527559055
0.4527266177192708 0.9921831183911219 6.498646653543307 0.7116106353206808 182.33993602362204
0.43921317040658703 0.9916079153907039 6.821604330708662 0.7142911786199464 197.92187500000003
0.43605676534765325 0.9922623930090861 6.625984251968505 0.7060141606119983 184.26156496062993
0.454367458037007 0.9919348428161444 6.689837598425196 0.7044489352249674 187.64702263779526
0.4565195940161496 0.9918501965272515 6.693159448818897 0.7237563398410318 199.45361712598424
0.447566811524923 0.9919473025667731 6.6927903543307075 0.7026150067986985 187.59424212598427
0.44503736168353436 0.9923669276377872 6.501968503937007 0.701588117329428 177.55241141732284
0.4405100838208784 0.9920071652079483 6.625984251968504 0.7178967648807629 188.53764763779526
0.439666267357317 0.9919698753976199 6.625984251968505 0.7104991364157577 186.3630659448819
0.4443581106539681 0.991910231008737 6.622539370078739 0.7162742606009913 188.4318405511811
0.44872181602976696 0.9925603072758322 6.4539862204724425 0.7132234886329007 179.5671751968504
0.47241117128284826 0.991122713323988 6.8265255905511815 0.7257654303231912 205.677780511811
0.4466168539870163 0.9918026127560652 6.625615157480317 0.7176735600275644 189.43836122047242
0.441423308920467 0.9918889430529788 6.625984251968504 0.7164395784661626 189.39394685039372
0.43966502795422124 0.9927032900798153 6.501968503937007 0.7048209360217119 172.6423474409449
0.4585105815822479 0.9918582513817182 6.625984251968504 0.7027518514585835 176.49815452755905
0.4597756391583275 0.9917006574082387 6.625984251968504 0.7151883796271368 188.48954232283464
0.4774541523996679 0.9911130523970968 6.62253937007874 0.7342052866713225 199.23154527559058
0.48356543903920285 0.9912822336416983 6.643700787401575 0.7265657196322067 197.66584645669292
0.4260962167383163 0.992429747336257 6.622908464566929 0.7052150674444686 177.36958661417322
0.430502930597966 0.9924061271232913 6.625984251968504 0.7020840732078968 176.43639271653544
0.4941073931543413 0.9912488272347026 6.501968503937008 0.7349810325792934 194.56200787401576
0.4368803557101794 0.9923354766371704 6.690083661417323 0.694590189549784 177.2806348425197
0.4607702901792606 0.9919830302295124 6.498892716535432 0.7151884292914339 183.43036417322836
0.4430245445047955 0.9920309913829194 6.625984251968505 0.7154836626667852 188.45927657480314
0.4316593747098121 0.9924310177874271 6.625984251968505 0.6933174129972434 173.50578248031493
0.42546912526046615 0.9925354536363227 6.625984251968503 0.6929363003697454 173.47588582677162
0.42478307313399644 0.9924391176654069 6.625984251968504 0.6982982740213157 175.37598425196853
0.43588665682924616 0.9923148070666987 6.422121062992126 0.7259765348954915 183.9761318897638
0.4483564143765244 0.9918226818080633 6.625984251968504 0.7206938853795755 190.53900098425197
0.445852612815335 0.9926818503546703 6.501968503937008 0.6997041389235861 170.82874015748035
0.45466288121619486 0.9919523103380095 6.686761811023624 0.710943466006503 189.73892716535434
0.43738053311503555 0.9923319217215295 6.643454724409449 0.7133011058847967 187.63004429133858
0.4687128630379648 0.9919666057861405 6.501968503937008 0.7206837846039741 185.48905019685043
0.42888958639302815 0.992381817905095 6.625984251968504 0.7048814929792047 177.40218996062993
0.45198810462362726 0.9918642031225988 6.625984251968505 0.7151953179551898 188.5130413385827
0.45784769095868955 0.9921191145017698 6.501599409448819 0.7190278599256682 184.4917568897638
0.4416350636977954 0.9920714926337372 6.625615157480315 0.7049483798377831 185.173843503937
0.42616833374632157 0.9925279037913481 6.625984251968505 0.6986223721656406 175.4088336614173
0.4321634845045893 0.9919189996005793 6.625984251968504 0.7201331427640549 190.34891732283467
0.4601030885580336 0.9917454659803121 6.69205216535433 0.7146944883620656 191.6529281496063
0.4545297759744336 0.9921471509232044 6.498892716535433 0.7154685323187531 184.37081692913387
0.45609848194368946 0.9921108726153196 6.635949803149606 0.7010212624136243 183.55831692913387
0.42488017378046106 0.9923898349052285 6.625984251968505 0.701099908222431 176.34399606299212
0.4291737587579212 0.9924079465606268 6.625984251968504 0.7042860904931165 177.3347687007874
0.4312766567022806 0.9922613854090359 6.625984251968504 0.7068969320726455 184.26710137795277
0.4393377635250231 0.9922744020271224 6.693159448818898 0.6990087736168435 184.7620570866142
0.4434546329311325 0.9926158424822931 6.501968503937007 0.6994947280530641 170.80573326771653
0.4374187383844417 0.9920282076459319 6.766363188976378 0.7016161744127938 189.46222933070868
0.43411150388354497 0.9922072570882813 6.625984251968505 0.7005319726375476 183.12450787401573
0.4627687809990117 0.9914396228717637 6.88324311023622 0.7068631261808703 196.76279527559055
0.44724016783302983 0.9921984893123146 6.498892716535433 0.7179203933881284 184.46862696850394
0.44812834620802416 0.9922726173093795 6.498892716535433 0.713124008763834 182.5027066929134
0.45391183700481247 0.991619379716581 6.827386811023621 0.6974203912085026 191.6859005905512
0.4272254750109023 0.9923808592686583 6.62290846456693 0.708044440328788 178.33144685039372
0.423645151823221 0.9924835781145649 6.6259842519685055 0.6985823071047284 175.39849901574803
0.4649677001417202 0.9920281882006838 6.693159448818898 0.7046423719187789 187.76759350393698
0.4368571933389771 0.9923825020925706 6.425935039370079 0.7236810202872083 182.96087598425197
0.4247454062538246 0.9925204233941729 6.625984251968505 0.7017713452281913 176.39566929133858
0.4500078498495767 0.9918999917677669 6.62253937007874 0.7144619306275346 188.3829970472441
0.460164876211069 0.9919052393675056 6.827386811023622 0.7101101029298641 195.00418307086613
0.44716649858281804 0.9923908026395927 6.501968503937008 0.7296707267177078 186.65243602362207
0.4373107237450643 0.9926440153340362 6.498892716535432 0.704668542329688 172.56446850393698
0.44293342071101915 0.9918338409630758 6.62253937007874 0.7111110200585851 187.29613681102362
0.4505853734415218 0.9917101471379252 6.625984251968504 0.7207619959148214 191.54072342519683
0.43677785680850384 0.9922213330483991 6.625984251968504 0.7223596052018184 188.68713090551182
0.441947406671797 0.9919867526790201 6.62253937007874 0.7179645638578405 188.46739665354332
0.4580404353893772 0.9925182394148045 6.3107775590551185 0.7212668390156745 177.34251968503938
0.45636672365877856 0.9918439642262171 6.425442913385826 0.7433151032329064 194.20558562992127
0.43660353958316866 0.9919641924219385 6.625984251968505 0.7171228168659051 189.42002952755902
0.44299964471992503 0.9921042120152505 6.625984251968504 0.7139803490819544 187.43737696850394
0.4682872652078501 0.9918211852179626 6.693159448818898 0.7129259244378174 190.74680118110237
0.42460613986196943 0.9924149254997593 6.6259842519685055 0.6929617256868031 173.48068405511813
0.43239335712456595 0.9924484948486328 6.625984251968504 0.7052038961272216 177.42544291338584
0.47994730113909245 0.99146470501036 6.693159448818898 0.7216513507641158 197.60088582677167
0.4295040100289903 0.9923353210885374 6.622908464566928 0.7076968280213274 178.30364173228347
0.42501350069721866 0.9924725573639591 6.625984251968504 0.7046044777766336 177.35002460629923
0.4515743982288514 0.9916478239702465 6.692790354330709 0.7033706033570888 187.5818159448819
0.4365904083797149 0.9928081880234487 6.498892716535433 0.7023750618702496 171.68590059055114
0.4628446844114165 0.991822783053074 6.693159448818898 0.7033542475825196 187.71801181102362
0.4502842160661564 0.991758467689147 6.625984251968504 0.713702146382204 188.42814960629923
0.427053355118862 0.9925098346294979 6.625984251968504 0.6933174364373598 173.5062746062992
0.45022556074993736 0.9920134315705077 6.692790354330708 0.7038707902735772 187.6433316929134
0.44632274384093634 0.9925902707641863 6.501968503937008 0.7046621381714384 172.62610728346456
0.4569562183503631 0.9914437796995396 6.625984251968505 0.7360460557897845 200.80708661417322
0.45226124425499414 0.9917136504925496 6.625984251968504 0.7226682490259295 191.50442913385828
0.43612531772886237 0.9925348190826976 6.693159448818898 0.6904939726454788 175.64247047244095
0.45197217182539373 0.9919828300728641 6.693159448818896 0.7047789520358996 187.75541338582678
0.4398135420985919 0.9921139434785852 6.693159448818898 0.714802287734733 190.70878444881888
0.4380805113946916 0.9925729750951291 6.501968503937008 0.7075511998653374 173.57098917322833
0.4297060335862297 0.9922850528502001 6.6259842519685055 0.7101926030002663 179.29761318897638
0.43375059726168025 0.9920819838592095 6.62253937007874 0.7062619622938373 184.287155511811
0.4573916730061653 0.9919151340021906 6.634719488188976 0.7197440304698971 190.50479822834646
0.4226553166575117 0.9924922654729307 6.625984251968504 0.7045687884396155 177.36195866141733
0.4493678867175482 0.9918211791987411 6.622539370078741 0.7213897568126886 190.53235728346453
0.4468401381355696 0.9919020093710833 6.689960629921261 0.7104128093527566 189.54244586614175
0.44093716660777377 0.9922820465118745 6.690083661417322 0.7006056586670255 179.18688484251967
0.43743412855891006 0.9921194131054447 6.854207677165355 0.6888529851032038 181.84830216535434
0.4577751914459336 0.9921597583313404 6.498892716535433 0.7200205736247797 185.49237204724406
0.4326106253449263 0.9921843410648762 6.625984251968505 0.7130223876658297 180.25787401574803
0.641336702318498 0.9914285072256803 4.857406496062992 0.7876246565760046 143.16350885826773
0.6238832483031976 0.9912434816526562 5.137426181102362 0.7694477470342558 149.576156496063
0.6344966676323017 0.992269923105789 4.755782480314961 0.7824956368978924 132.31434547244095
0.6207540448098029 0.9916087437308739 5.083169291338583 0.7733241370199834 144.05720964566927
0.6271209951964396 0.9916389240170379 4.934301181102362 0.7787568792934233 143.6176181102362
0.6297124381377832 0.9922261696308977 4.712229330708661 0.7898946355187121 133.5063976377953
0.6268874514584465 0.9922959271494349 4.765255905511811 0.7853862042935952 133.76119586614172
0.6252436844270963 0.9924538216438986 4.714689960629921 0.78793420521898 132.5607775590551
0.6254768194591903 0.9921521884632487 4.703125 0.7884845905507069 132.30647145669292
0.631619921998956 0.9910452834103989 5.0861220472440944 0.7729134852055707 148.2078001968504
0.6389697395333096 0.9916860599585986 4.896899606299213 0.7777204856647648 136.826156496063
0.6186665907074977 0.9914642212055675 5.09867125984252 0.7725225885167645 148.310531496063
0.636974389017141 0.9917984408813765 4.8982529527559056 0.7777298619228872 136.53506397637796
0.6548857151360622 0.9921342990599586 4.56496062992126 0.7913645493780066 126.98892716535433
0.6522497561626039 0.9921567343024974 4.521530511811023 0.7948395628651707 125.87979822834646
0.6408477033516535 0.9919605035793477 4.8670029527559056 0.7763771494022527 134.82591043307087
0.6346177208924358 0.9922640729197659 4.762549212598425 0.7811685434706106 132.41695374015745
0.6438849732030815 0.9925114095554027 4.5798474409448815 0.7867713794643297 123.74692421259843
0.6338001940467762 0.9919184414337968 4.752337598425197 0.7863922147070054 138.07381889763778
0.6382641608151189 0.9932010194372641 4.390132874015747 0.7958675793729034 118.61847933070867
0.6307312031090121 0.9921914363112626 4.7672244094488185 0.7780729576286587 130.65169783464566
0.623456919774759 0.9919327101114674 4.948080708661418 0.7726127853536492 137.13041338582678
0.6333717459976653 0.9918005284687268 4.900959645669291 0.7751248933207417 135.74384842519683
0.6338269180289252 0.9918772387808809 4.941683070866142 0.7728061867866233 136.845718503937
0.6353112492413792 0.9926693648430958 4.575049212598426 0.7907027684581072 124.58759842519686
0.661216794122291 0.991670185549615 4.561761811023622 0.8000477239204623 134.52411417322833
0.6182349999486055 0.9917498160300626 5.093134842519684 0.7708374567412689 143.34190452755905
0.6318395526693787 0.9922804819152855 4.708538385826771 0.7858683363513275 131.3923474409449
0.6301829357752518 0.9921243305265213 4.722687007874015 0.7893478905193159 137.57529527559055
0.6639255584922863 0.9926381806193934 4.359990157480315 0.8001699047479404 121.25652066929135
0.6302442128288109 0.9917492393120816 4.952140748031495 0.7734629918809779 137.9079724409449
0.6442410515371115 0.9925854280367017 4.575787401574803 0.7844452174586076 122.67236712598425
0.6291850736732879 0.9919312978568632 4.754429133858268 0.790828525702171 140.47268700787401
0.6469590953057702 0.9933782812554723 4.198818897637795 0.8050045186796919 113.49101870078741
0.6260932854231951 0.9920628803569398 4.9095718503937 0.7746414500259269 135.99852362204726
0.6601594134833996 0.9920708252954454 4.5295275590551185 0.7958114869089077 127.3560531496063
0.632783505547063 0.9917153531359366 4.903297244094487 0.7724887698231455 134.71432086614172
0.6402513899279111 0.9921494697706703 4.756151574803149 0.7860068825909123 133.58366141732284
0.6395567692038544 0.9921425104373921 4.718873031496062 0.7849001594003042 131.60506889763778
0.650380220106407 0.9921014546341299 4.56213090551181 0.7991729110821182 130.21628937007875
0.6056985498192853 0.992138064259991 5.1422244094488185 0.7614972572746869 141.74384842519686
0.6449687828842905 0.992219279375389 4.565944881889764 0.7961307713871313 129.08329232283464
0.618012836775091 0.9918249505606767 4.941067913385826 0.7811232336958392 139.90907972440945
0.6543548122953728 0.9920792975142165 4.525221456692913 0.7958761221705862 130.69463582677164
0.6453757236826221 0.9924858749506921 4.58267716535433 0.7894037145473234 127.30155019685041
0.6524928678218163 0.9921632547991016 4.531619094488189 0.7968966939016006 127.94943405511812
0.6540496836010379 0.9926936258785133 4.388410433070867 0.8033131275169751 123.60396161417322
0.6539680758756533 0.9925267644016424 4.392470472440945 0.8081906471496675 126.17015255905513
0.6344525140307863 0.9922597400291434 4.66781496062992 0.7882815689824483 130.4076033464567
0.6375570058909288 0.9921752172720492 4.752952755905512 0.7832933443508345 132.42150590551182
0.6373939204351141 0.9912370160477563 4.847687007874015 0.7843000426100084 141.74815452755905
0.656334852570938 0.9915409644496993 4.751968503937007 0.7833365635453082 132.30610236220474
0.6353992017614255 0.9915604911778477 4.944512795275591 0.7743893802515566 137.7589812992126
0.656838869601017 0.9925480200387479 4.380290354330708 0.8064760438332077 124.42531988188976
0.6404299085472765 0.9914263957746706 4.899114173228346 0.7776762742111991 136.6812253937008
0.6354821877109366 0.9928683372790679 4.529404527559055 0.7885673619534794 121.65748031496064
0.6500393748476916 0.9917106230328367 4.7235482283464565 0.7907708422641885 137.44734251968504
0.6752464153816409 0.9916621976470297 4.366879921259843 0.8093776327038593 129.09953248031496
0.6546191556076062 0.9922011444216412 4.525836614173228 0.7930576465684955 126.09362696850393
0.6372641785446507 0.9921185289273021 4.750246062992126 0.7849837979321765 133.23412893700788
0.6229987511861459 0.9916610244465974 5.080462598425196 0.7688188616536971 141.91203248031496
0.6274742838563815 0.9917691382828335 4.897760826771654 0.778201868002548 141.6881151574803
0.6252758275777198 0.9923960279571359 4.712475393700787 0.7892338415202598 133.43270177165354
0.6360882907357739 0.9920241988178132 4.754306102362205 0.7837739075960589 132.51968503937005
0.6299123808467799 0.9923660714037341 4.711245078740157 0.785586385856033 131.375
0.6369642597392868 0.9922349221326993 4.664616141732283 0.7865824996725443 129.47957677165354
0.6353364146615194 0.9922071897879197 4.759104330708661 0.7790920641042464 128.62906003937007
0.6564810816153085 0.9915333932416177 4.707185039370079 0.7879749570068408 132.44192913385825
0.6299840700569198 0.9910942703585138 5.037524606299212 0.775985157732743 146.7923228346457
0.6375123638141483 0.992323596886057 4.7108759842519685 0.7829582646374391 130.18897637795274
0.6595853559512758 0.9919402897389922 4.558932086614173 0.7920024462337483 126.82701771653544
0.6359887238494912 0.9919709841024722 4.753198818897638 0.7857623225596475 133.2353592519685
0.6479935166370843 0.9916994867804599 4.750984251968504 0.7787512830183293 129.92839566929135
0.6281967225878029 0.9923124132222618 4.758612204724409 0.7901362092303146 135.45890748031496
0.65435000653694 0.9915801931210007 4.7515994094488185 0.7858566583883956 133.25282972440948
0.6543220503181164 0.9926101322546195 4.389640748031496 0.8054263666079844 124.88348917322836
0.6545810015701935 0.9920755073251313 4.559793307086614 0.7939196913463964 127.7994586614173
0.6265191004636059 0.9921371068820951 4.906742125984252 0.7727233315132604 134.86811023622047
0.6243900486090705 0.9917195224578712 4.95558562992126 0.7806212913084827 145.01008858267716
0.6355316823155395 0.9916347823937958 4.902436023622046 0.7775237839428591 136.68073326771653
0.6223976306560728 0.9921057369256491 4.857406496062992 0.7844619697050159 137.91929133858267
0.6449068863894374 0.9922224311620574 4.570620078740157 0.7959567115062836 129.03764763779526
0.6478834961354109 0.992273631881426 4.564714566929134 0.7961968367042511 129.07837106299215
0.619593246991415 0.9926007413757933 4.715674212598425 0.778648328769112 126.64148622047243
0.6395965472204447 0.9920235122500747 4.710137795275591 0.789230319996082 133.28112696850394
0.6217063259317271 0.9920430098709301 4.940452755905511 0.7776213862800884 138.85519192913384
0.6434149967128626 0.9922823084202853 4.5830462598425195 0.8000590181862375 136.0734498031496
0.6205212271432575 0.992467885948131 4.760088582677165 0.7875351885547587 134.79035433070865
0.643034580533842 0.99272707084706 4.557332677165355 0.79354772194725 127.7103838582677
0.6094740033735774 0.9925384879162319 4.950172244094489 0.7680401260714352 135.3832431102362
0.6398152140893036 0.9921490726549744 4.761441929133858 0.7852404080376783 133.61626476377953
0.6356672725474785 0.9917165448527122 4.893208661417322 0.7755529736790823 135.51710137795274
0.6228808347202935 0.991776416044041 5.045029527559055 0.7648289778823707 138.04749015748033
0.6469971724180348 0.9918772609007218 4.758612204724409 0.7856736736209516 133.47367125984252
0.6371587909478319 0.9927549338348217 4.522637795275591 0.79869949532418 128.14849901574803
0.6293416157304205 0.9922849983847063 4.755782480314961 0.7835636728483181 132.6385334645669
0.6573091559631561 0.9918787371634438 4.666092519685039 0.7904913742329713 131.439468503937
0.639309886639465 0.992025153472663 4.751845472440944 0.7847412067048185 133.25984251968504
0.6437394452200336 0.992647146922083 4.5797244094488185 0.792340332510917 128.11195866141733
0.6295007999535216 0.9923735864574554 4.711368110236221 0.7850107039790906 131.26710137795274
0.504815762204098 0.9906855163126611 6.826525590551181 0.7346192891025198 210.45374015748033
0.5154591406062488 0.990008791598439 6.8265255905511815 0.7408350771938862 219.80622539370077
0.5416471639728792 0.9904033276240978 6.881643700787403 0.7324889927026759 212.0318651574803
0.5219758863429529 0.990056015482257 6.880905511811024 0.737303847460891 221.73597440944883
0.5438439766843992 0.9892495159693212 6.878444881889764 0.7326201606037125 218.03531003937007
0.5231714051294793 0.9898809375242139 6.881766732283465 0.7402261193949577 222.28998523622047
0.509412856586916 0.9904291886596754 6.8265255905511815 0.7388769344641717 212.5728346456693
0.5435604178285227 0.9894945259609165 6.82566437007874 0.7274175898111903 207.47121062992125
0.5334479321645724 0.9898623342018388 6.819020669291339 0.7348200635367885 209.77595964566927
0.567055308534741 0.9883350050869731 6.8265255905511815 0.7518906739149525 228.12782972440942
0.5639660715552486 0.9885527071916772 7.0238681102362195 0.743944728546201 239.55068897637796
0.559682121540208 0.9882615378914237 6.876599409448819 0.7620178011019518 250.92298228346456
0.5529228299508941 0.9885954289914574 6.880413385826772 0.7562691981733101 243.78063484251967
0.5502805134284547 0.9889903611320672 6.827632874015747 0.7469388437602813 230.67581200787401
0.5118069940289395 0.9903794547441808 6.821112204724409 0.7395741681556754 212.53358759842519
0.5100999331411467 0.9904852045892347 6.82566437007874 0.7369956428887884 211.51205708661416
0.5376056942435824 0.9899736835688777 6.820004921259841 0.7390574806554495 219.2172736220473
0.5168550513843988 0.9901045571201181 6.822834645669291 0.7334867200673806 216.5830462598425
0.5122852662939285 0.9900864350365327 6.8265255905511815 0.7465992550600413 223.17162893700788
0.5072231978733832 0.9906956259858946 6.82443405511811 0.7320550046229934 209.34584153543307
0.5312791329910794 0.990297359526662 6.884350393700788 0.7295989872354736 211.19562007874018
0.5223533523487293 0.9901243155694248 6.878444881889764 0.7356025673756714 220.3935777559055
0.5201258972795745 0.9903909092920709 6.880413385826771 0.7304413214580775 211.58993602362202
0.5149707434130348 0.9904083490689533 6.969488188976378 0.718399259412339 210.2765748031496
0.5085796527154184 0.9905716084870969 6.8265255905511815 0.7289607191625503 207.86724901574803
0.5248407683913898 0.9898951798508162 6.824434055118109 0.7292902025946468 208.53248031496062
0.507590230839919 0.9904732985471186 6.8265255905511815 0.739155130901353 212.697342519685
0.5270377858886898 0.9903818824050827 6.6862696850393695 0.7421617626067609 214.46198326771653
0.5342349862383334 0.9894232018540237 6.822834645669291 0.735783525772387 216.95484744094486
0.5237995976121015 0.9899946511418958 6.823818897637796 0.7355438596127071 217.5142716535433
0.5032793770224666 0.9907284652127042 6.826525590551181 0.7342311414729479 210.4956938976378
0.5144311061930066 0.9903390202096382 7.016732283464567 0.721484895013621 214.42138287401573
0.5023750744760235 0.9905933469007471 6.879429133858268 0.7359000581158968 221.10740649606302
0.5120517952274404 0.9904513333486268 6.878444881889763 0.7294204684954679 218.056594488189
0.5181240849668282 0.990506579568284 6.883489173228346 0.727281533986928 210.30770177165354
0.504651374307214 0.9903748015581592 6.823818897637796 0.7453588188209122 221.97133366141733
0.5043751921657753 0.9906272439727623 6.826525590551182 0.736397563104564 211.5775098425197
0.50920092862233 0.9904808693395932 6.826525590551182 0.736629498776384 211.61429625984252
0.5117342192925878 0.9902043186256652 6.8265255905511815 0.7421205448172402 220.91523129921256
0.5181035321408617 0.9901321841622718 6.7763287401574805 0.7442160750288318 219.35593011811022
0.5193374698468016 0.9901122693541607 6.826525590551181 0.7346795837814456 217.35408464566927
0.5147060391136694 0.9901138484021382 6.826525590551181 0.7420025259432644 220.72477854330708
0.5142827792376767 0.9900302387858827 6.8265255905511815 0.7389501326549984 219.27792814960628
0.5383848216573732 0.9900217816330449 6.690329724409449 0.7422750384187196 213.95989173228347
0.5263692889483644 0.9900377102168108 6.881889763779527 0.7323849150646687 218.8313238188976
0.5460202318510189 0.9892521473651239 6.878444881889763 0.7301194729297549 216.70447834645674
0.5174237850595695 0.9903311646194162 6.880905511811024 0.7239549449183935 215.12906003937005
0.5237266323612016 0.9899307757469532 6.8265255905511815 0.7379886490405552 218.71419783464566
0.5063438385489893 0.9906393053687481 6.8265255905511815 0.7339104870384351 210.44069881889763
0.5141134321864574 0.9899146986540084 6.823818897637795 0.7478057341575934 222.70349409448818
0.5234702521891531 0.9907364582386038 6.692544291338583 0.7361245222581089 205.0766486220473
0.5110393582607821 0.9904589816714467 6.880905511811022 0.7259743510286035 216.2028789370079
0.5130057555779082 0.9902203385573619 6.822834645669292 0.7389355037911264 219.63718011811025
0.5290479935791472 0.9896445904397689 6.826156496062993 0.7329171565489644 215.4354084645669
0.508938190267468 0.9905355590483023 6.82443405511811 0.7371847623475857 211.4971702755906
0.5199101260297154 0.9898896890183331 6.826525590551181 0.7417665556851418 220.00750492125985
0.5371456559565765 0.9898289146857359 7.0279281496063 0.7262886493659467 223.4320866141732
0.5239453242906167 0.9900056171415582 6.880905511811024 0.7378160416783808 221.74544783464566
0.5337719648865509 0.9899231768164993 6.8802903543307075 0.7178469651000193 206.4037893700787
0.5284112594103987 0.9897157180722966 6.881766732283465 0.7405143819390914 222.31053149606296
0.5466965475363958 0.9894076129339091 7.027928149606298 0.7385599713129937 229.3056102362205
0.5431526484352767 0.9893661643203187 6.826525590551181 0.7318431471192485 209.59190452755905
0.5311914870098735 0.9899250877794198 6.819512795275591 0.7350685120538796 209.89111712598424
0.5640634313160175 0.9878863971689605 6.880413385826772 0.7520040340005382 241.884842519685
0.5642083830933603 0.9877106726972557 6.979576771653543 0.7380081138051066 239.71038385826773
0.5044316319916056 0.9902716010308259 6.826525590551181 0.7468147717688189 223.17937992125985
0.5140819646257797 0.9903806370701986 6.822834645669292 0.7369427924895173 211.54343011811022
0.5123258334055192 0.9903616631584464 6.825664370078741 0.7266706980675806 206.76956200787401
0.5406506161622014 0.9894572177938505 7.151205708661418 0.7118737691201713 223.7827263779528
0.5179524285009787 0.9899574991923922 6.822834645669291 0.7410643492939732 219.72576279527559
0.5124738997405095 0.9906115138863283 6.8265255905511815 0.7289008828644304 208.1400098425197
0.5083872966352824 0.9905883559620473 6.82443405511811 0.7342555760730614 210.5079970472441
0.5575566078940506 0.9890012449755667 6.83636811023622 0.7349048089378418 216.81471456692913
0.5168497066151589 0.9905462427875089 6.879798228346457 0.728191385251235 210.53038877952756
0.5217686695127344 0.9898924955363622 7.021161417322835 0.7281725641242154 223.91535433070868
0.5135608688509306 0.9904428704279421 6.819020669291339 0.737586051811837 211.3084399606299
0.5141842142775473 0.9905654239296741 6.82443405511811 0.7295651597895043 208.03038877952756
0.5105761134884768 0.9906049178349837 6.825664370078741 0.7320206488088531 209.22121062992127
0.5208013328591818 0.9906328597575522 6.83550688976378 0.725335678717107 206.96518208661413
0.5163027249977795 0.9899038429988495 6.819143700787401 0.7447291268635878 221.6983267716535
0.5369211837640367 0.9895059632992247 6.823818897637795 0.7350623886681766 216.44057578740157
0.513251179435018 0.9904629769530361 6.824434055118111 0.7217750685001137 205.01845472440948
0.5120066314599871 0.990439391971467 6.8265255905511815 0.7361298474297544 211.390625
0.518207712099354 0.9904441134901014 6.882874015748032 0.7297915896006837 211.53149606299215
0.5224068864377627 0.9902343787840996 6.877091535433071 0.7348450597875773 213.4904035433071
0.5483194942845292 0.9891743456600597 6.835999015748031 0.7349442754140854 216.80659448818895
0.5386760365339563 0.989425517276309 6.826525590551181 0.7581744853026269 230.31126968503938
0.5044124343068269 0.990628605251111 6.82652559055118 0.7360469002400867 211.55720964566927
0.5149847050961283 0.9900627104343022 6.822834645669292 0.7440311005207958 221.67531988188978
0.4989472357755822 0.9904940060596809 6.82283464566929 0.7265043601681846 213.20361712598427
0.533040569683547 0.9904415970417176 6.693159448818897 0.7365367323334664 211.4457431102362
0.5196779178248849 0.9901135830463198 6.822465551181102 0.7341859887087817 217.31569881889763
0.5031081464425556 0.9906740407799667 6.8265255905511815 0.7363599825350791 211.53777066929132
0.5112885015012664 0.9904341279472078 6.822342519685039 0.7393890473029247 212.43405511811022
0.5248637322567489 0.9904215894973745 6.831200787401576 0.7303603175907338 208.99261811023624
0.5455635850279483 0.9892765650228358 6.878444881889763 0.7287296657178407 216.20706200787401
0.5302484990777504 0.9896724493373998 6.878567913385827 0.7402418118584485 221.99286417322833
0.5533431910527187 0.9896053277814333 6.884350393700788 0.733434447350864 219.83390748031496
0.5078243968796281 0.9905336891681057 6.8265255905511815 0.7366695540400857 211.54256889763778
0.5084731577463043 0.9905933163714673 6.82652559055118 0.7338963539840748 210.40871062992125
0.4988113589278671 0.9935882899948922 4.996062992125985 0.7730841149442903 130.81963582677164
0.502106066264487 0.9942522228564868 4.765871062992126 0.7749971804104153 123.75885826771653
0.4929937983947591 0.9942108827149458 4.953248031496062 0.7607239281508322 126.54995078740158
0.5540593009183411 0.9930738244972276 5.151082677165355 0.7726836839954202 138.97871555118112
0.5267496340773922 0.992443233054341 5.330954724409448 0.7705843961999226 145.8503937007874
0.5023219141505383 0.9927795215979728 5.393946850393701 0.762658546845487 145.78543307086613
0.5078487412071511 0.993372511773164 4.996062992125984 0.7758871376085984 131.7482775590551
0.47923469911077354 0.99448803487418 4.963336614173228 0.7470987603145449 123.09596456692914
0.5311529948557888 0.9930705505268165 4.9794537401574805 0.7865050539645135 136.51771653543307
0.5012541717522054 0.9933401207777597 4.9827755905511815 0.7923434963779398 138.5578248031496
0.4997102743664926 0.9928354212702508 5.393946850393701 0.7623392093516402 145.75295275590548
0.49930195078529493 0.9942819851934729 4.93873031496063 0.7633877492407115 120.89148622047244
0.5345522485261118 0.9926458658589595 5.294660433070867 0.7720981955199214 144.9341781496063
0.49184763905007983 0.9943313587926679 4.777682086614173 0.7830713356854795 126.80696358267717
0.5321593641458499 0.9934972994967187 4.959891732283465 0.7770354703024925 132.38631889763778
0.504858293708922 0.9934772292690076 4.999015748031495 0.7729206193584813 130.93134842519686
0.4797488207603923 0.9942659090424106 4.802411417322835 0.7771451537586256 126.05388779527559
0.49758821976393147 0.9944955982507276 4.762057086614172 0.7678445197435413 121.14726870078741
0.5177619685500153 0.9930790409517819 5.31865157480315 0.7609341390592397 142.3732775590551
0.4860280108484152 0.9939826869133694 4.9518946850393695 0.7624330841047458 126.35236220472441
0.5163420603690321 0.9941106128337512 4.6076525590551185 0.7892193082249346 120.70595472440948
0.5139466063899327 0.9934637923415435 4.995939960629921 0.7697274921199897 130.16141732283467
0.5249908120571039 0.993624361857161 4.935900590551181 0.7752570778249367 131.02202263779526
0.5707386679305965 0.9919151073854107 4.946112204724409 0.8091751243044948 152.92704232283467
0.5568055244315023 0.9925588937762397 5.142962598425197 0.7765215032528667 146.08439960629923
0.5863593590846473 0.9923415641032443 4.694512795275591 0.8085882721529483 138.4239665354331
0.49028033428750284 0.9942270128520188 4.808439960629921 0.7749925362595916 119.26107283464569
0.5290863742412495 0.9941698413593041 4.577386811023622 0.7947886111398996 122.6785187007874
0.5416682276901755 0.993638147785862 4.760334645669292 0.7818951971985163 123.7885088582677
0.47153328439336306 0.9935880361464646 5.193159448818897 0.7644052579199234 136.58058562992125
0.5121484209296755 0.9937717023236623 4.799458661417322 0.7656424242185127 120.59867125984252
0.5280387832117015 0.993893945422103 4.770915354330708 0.7840539669208176 124.80856299212601
0.4888119529381295 0.993853180731247 5.14308562992126 0.7530635824249348 131.1635088582677
0.46945944528234845 0.9930788809320401 5.720226377952756 0.7307367328909641 147.56323818897638
0.47961788033896424 0.9931425667691165 5.393700787401574 0.7506370186559905 140.43614665354332
0.5356651252083591 0.9941273503855358 4.414370078740157 0.8018777094895313 115.9072342519685
0.5025569009780161 0.9931723330734629 5.338213582677166 0.7552178875141679 139.32714074803147
0.5053194637567212 0.994026938328802 4.952509842519685 0.7645196712187786 126.47933070866142
0.4990257806395504 0.9938076725210633 4.80265748031496 0.7815278213002395 126.17814960629921
0.48257428987470724 0.9930353989539455 5.393700787401575 0.7540295364039135 141.38828740157481
0.5130742934429903 0.9933427350125179 5.1329970472440944 0.7596591525830813 132.00036909448818
0.5151958698121882 0.9936052991519314 4.946481299212598 0.7699354886649692 128.36171259842519
0.5309488607386171 0.9928696746144129 5.291707677165354 0.7645596189991418 142.14812992125985
0.5635326767500788 0.9932149538700146 4.80708661417323 0.788415943107973 129.97846948818898
0.5379395753399798 0.9940193407436783 4.412770669291339 0.8046084981194714 116.80437992125984
0.5162639290458341 0.993971622431017 4.610359251968505 0.7920786779136291 121.45558562992126
0.49475565412729133 0.9946978207674704 4.572342519685039 0.7858247798364688 118.2945374015748
0.5147902509081871 0.9933623105855839 4.993725393700787 0.7785628086578319 131.79183070866142
0.47927714781029235 0.9930939618737523 5.38976377952756 0.7536806604552373 141.26943897637796
0.5055952947501753 0.9941460029454096 4.952755905511811 0.7622541588528607 121.0818159448819
0.5441876182104209 0.9922780723796024 5.158833661417323 0.7873948394675727 151.21555118110234
0.5187858752619607 0.9940371244448261 4.746801181102362 0.7872261841681079 125.47477854330708
0.5370154134754151 0.9933488372115623 5.149975393700787 0.760308921286486 132.98142224409446
0.5479680921198051 0.9927364906713767 4.796505905511811 0.7850479443416016 125.27509842519686
0.5489132201149061 0.9934341717784917 4.573572834645669 0.8017865515206454 124.47957677165356
0.5119749161472398 0.9932592210265037 4.984375 0.766059078421381 127.96727362204724
0.5143242924356425 0.993779678328824 4.954601377952756 0.7769004037972314 130.16744586614175
0.514066263248881 0.9936995980638663 4.80056594488189 0.7814856835228696 125.25406003937007
0.513244116077968 0.9925098604123358 5.385457677165354 0.7512481920701025 138.53740157480317
0.5136101693003954 0.9939619218544752 4.765871062992126 0.7781507042128181 123.80511811023624
0.5278645154641389 0.9939900861714699 4.7705462598425195 0.7766470779987908 123.17396653543308
0.5149305022549621 0.9940379361889796 4.949064960629921 0.7720764286660011 123.66978346456693
0.5061588866610769 0.9944227245121179 4.753567913385828 0.7767659603206658 117.63004429133859
0.5313610743181238 0.9937409715611051 4.609867125984252 0.7973925241376854 122.47699311023622
0.5047316031292626 0.9935329417639636 4.999876968503937 0.7700541487490025 129.97022637795274
0.5149838306649824 0.9932699233001127 5.315575787401575 0.7585838082381501 141.4215059055118
0.4903087449512228 0.9941800757851407 4.791461614173228 0.7745359572050037 124.21875000000001
0.5156200167746656 0.9938008566497942 4.797121062992126 0.7823658564762217 125.20669291338582
0.5077077708420697 0.9936511658835083 4.803518700787402 0.7813963763018726 126.2213336614173
0.5254280176291994 0.9927658628069544 5.267347440944882 0.7676918965996882 142.34165846456693
0.5325296617214681 0.9938464332557231 4.762057086614173 0.7800502393837143 123.95570866141733
0.5254558962343894 0.9942786056617178 4.581938976377952 0.7937946695944833 120.29072342519687
0.4940557099949089 0.993625070644944 5.147883858267717 0.7603025880585464 133.8150836614173
0.5285770423001308 0.99330974221797 4.804010826771654 0.7916195628515266 130.90120570866142
0.5379511049182654 0.9940775260969551 4.410310039370079 0.8019070283727608 115.81311515748033
0.5347953415687886 0.993365737656179 4.949064960629921 0.7610317661477093 124.76328740157481
0.53500837734128 0.9945896299717414 4.38324311023622 0.7936580845059533 108.43553149606299
0.5243055663372869 0.9935794514047565 4.797121062992126 0.7857395243887129 126.16031003937007
0.5333003317712411 0.9935695158910167 4.602116141732283 0.789086208382054 119.62524606299212
0.5140693770621688 0.9943471192571374 4.5920275590551185 0.7819880872695788 112.87327755905511
0.523081481876006 0.9935859509790793 4.784079724409448 0.7844805526228924 126.09350393700788
0.5338134298810477 0.99306398488685 4.983636811023622 0.7830746393012955 135.62906003937007
0.5479993194986299 0.9933121685308303 4.875861220472441 0.7843278561332584 131.6847933070866
0.5473769360611499 0.9931601543215515 4.761318897637795 0.8076580442154976 139.67937992125985
0.5667396689386073 0.9918073255408147 5.352362204724409 0.7672530171959924 151.6665846456693
0.5238118791085875 0.9935803285878639 4.799458661417322 0.7850253511906014 126.14714566929133
0.4954713894081844 0.9932654775049973 5.187007874015748 0.7651799372518264 136.39985236220474
0.5111658180358432 0.9932258816115447 5.306594488188977 0.7622927754995411 142.2566437007874
0.5071328494723433 0.9937042839404662 4.9703494094488185 0.7609269695343943 126.81643700787401
0.48819792925565997 0.9933756646646867 5.189222440944881 0.7578600518641526 134.5873523622047
0.49210100053462613 0.9940267456021278 5.001107283464567 0.7617091356011954 122.72588582677166
0.5008178810475358 0.9931813687781854 5.28863188976378 0.7512875617167148 135.7666092519685
0.47348459067199933 0.994456021911137 4.95189468503937 0.7682792425097151 129.25688976377953
0.4913302960959164 0.9928994974853279 5.716535433070866 0.7342721806415089 148.39087106299215
0.47444231936033404 0.9939396786807969 4.987819881889764 0.7606602074977231 127.84387303149609
0.5052495069419326 0.9934836557876644 4.996062992125983 0.7725354345153224 130.79269192913387
0.49725825618097125 0.9936235352660685 5.01316437007874 0.7698058348561135 131.0987942913386
0.48854636708766824 0.994295440270424 4.961860236220472 0.7615855191163218 127.6031003937008
0.5265851083738472 0.9944993964118009 4.38816437007874 0.7976557048459434 114.86921751968505
0.5347240111951199 0.9933699739893209 4.602116141732283 0.7842382586477561 117.8015501968504
0.5882122188041573 0.994885441266022 4.207062007874016 0.8029812187953309 104.39345472440945
0.560014888924693 0.9944043230139077 4.759719488188977 0.7733417270473952 116.47539370078741
0.5541399702005385 0.9943421208248383 4.797859251968505 0.7734064244573581 117.9146161417323
0.5953583081266053 0.9945793222113675 4.210260826771654 0.8086880356410889 105.88336614173227
0.5848858640605616 0.9945009140426783 4.400713582677166 0.7947639980186527 109.2143208661417
0.5722232246202992 0.9939937458143302 4.802657480314961 0.778893581939595 119.90182086614175
0.5967008977465182 0.9945888041955312 4.206938976377953 0.7912854910428284 100.71321358267716
0.589891421415003 0.9948550001550318 4.206938976377954 0.7913231643656774 100.85814468503936
0.5708836681483476 0.9944740213521751 4.579601377952756 0.7824243924300655 112.67913385826773
0.5905282404090789 0.9943189668990431 4.395915354330709 0.7989136506507369 114.24704724409449
0.566318560304996 0.9947068746774064 4.571481299212599 0.7719623875394358 105.90465059055119
0.5570394224767742 0.9949831795959933 4.410310039370079 0.7804389985274369 102.24778543307086
0.5881915094193018 0.9948214409744454 4.21665846456693 0.804451719869264 104.58686023622047
0.5825952251885677 0.9946679660340193 4.210383858267717 0.8052319867223899 104.92322834645668
0.5601148474642168 0.9951338646405697 4.385211614173229 0.7816478081965694 101.90932578740157
0.5713025842436912 0.9946279269222601 4.583169291338582 0.7823091817646843 112.31336122047244
0.5818256424094794 0.9945312425654789 4.52755905511811 0.7833861982330756 110.47859251968504
0.5844963916953434 0.9935298060313945 4.815329724409449 0.7864794329474045 127.50073818897637
0.5548302326916956 0.9947857183230793 4.611712598425196 0.7718807739222311 107.36552657480316
0.5763592337959772 0.99434756244716 4.611712598425196 0.7828470951396765 113.87155511811024
0.5506376283998812 0.9950772976342906 4.581569881889765 0.7648514877066839 104.58206200787401
0.5722554957905346 0.994472705198139 4.586737204724409 0.7818541811508474 112.69279035433071
0.5766976081316062 0.9947555154971223 4.390748031496063 0.7901422414442807 107.7144438976378
0.5772830979286753 0.9944635938695903 4.579601377952756 0.7826459514230337 112.66670767716536
0.5807003267556325 0.9943853045661841 4.568528543307087 0.7869412192226171 112.9956938976378
0.5955921876103898 0.993786392851759 4.56126968503937 0.7915669153040665 119.31373031496064
0.6023163991307943 0.9943918820228026 4.202386811023622 0.7967981096248392 101.99372539370079
0.5917322302573307 0.9943294767893209 4.400590551181102 0.7978955117262357 110.02522145669293
0.5685541088422258 0.9950812151675723 4.2048474409448815 0.7946790284923058 98.68577755905511
0.5839890030806436 0.993798404453925 4.6605561023622055 0.7822348249257645 120.43639271653542
0.5725466475982268 0.9944092360192791 4.609251968503937 0.7828805863618524 113.77448326771653
0.5655726962167524 0.9951169167285999 4.202386811023622 0.7969491156990748 102.39013287401573
0.5581661423221784 0.9943331648548885 4.602116141732283 0.7836570263391153 113.79945866141732
0.5666712978103059 0.9950866031534991 4.390748031496063 0.780912424605593 104.87696850393701
0.5659414650808361 0.9946623449160507 4.579601377952756 0.776802015375661 111.09768700787403
0.5652556195165318 0.994845668046319 4.530757874015748 0.7714382087559406 104.46825787401575
0.584307351296713 0.9940144284714836 4.413508858267716 0.8036678863874962 116.99717027559056
0.5548302326916956 0.9947857183230793 4.611712598425196 0.7718807739222311 107.36552657480316
0.5405387484385332 0.9945605197197657 4.811023622047244 0.764091949296913 112.3822588582677
0.5775987019568515 0.994762142682468 4.388410433070866 0.7871027470203753 106.74470964566929
0.5727426222924993 0.9942965451249811 4.589443897637795 0.7962699389679325 121.55585629921259
0.5864451741044645 0.9950536028895601 4.145669291338583 0.7986403225082008 100.68405511811024
0.5406692410347975 0.9949435362885187 4.611712598425197 0.7679698741079608 106.46062992125984
0.547146888760286 0.9948443201525058 4.611712598425196 0.7682969546470239 106.4939714566929
0.5650631624928554 0.9942205928662189 4.603838582677166 0.7892981419446584 115.51402559055119
0.5637973043419401 0.9946608198395749 4.582062007874015 0.7790941050299192 111.96678149606299
0.5829171001097122 0.9950004744438351 4.206938976377953 0.7973770051412078 102.46641240157479
0.5784781331423868 0.9950458622894167 4.197096456692913 0.800886337400073 103.29256889763779
0.5920369423055833 0.9943119248026406 4.521407480314961 0.7839962738565951 110.32406496062991
0.547146888760286 0.9948443201525058 4.611712598425196 0.7682969546470239 106.4939714566929
0.563541413048188 0.9949684392714842 4.4173228346456686 0.783377454325735 103.25787401574804
0.5794830939901985 0.9945073070133215 4.4077263779527565 0.7943984571729223 109.37807578740157
0.5751648818952796 0.9947629373197925 4.388410433070867 0.7901431469576196 107.59387303149606
0.5715641639892532 0.9948478685390632 4.390748031496063 0.7897954120538222 107.74261811023622
0.5768386897407644 0.9936680367882568 4.81619094488189 0.7821529094444162 125.82492618110237
0.5719676096862664 0.9943572038398935 4.609251968503937 0.780047569470262 112.95152559055117
0.5761268605522464 0.995098304679833 4.19365157480315 0.7924215369719618 100.9447588582677
0.5735835160129715 0.9941716860542287 4.583538385826772 0.7973804003080257 121.41449311023622
0.5814957251135539 0.9947706040247491 4.395669291338583 0.7835426276957521 105.6482529527559
0.5738653754930797 0.9948967510789295 4.390748031496063 0.7838563982939126 106.03014271653544
0.5916585221300095 0.9939923010148018 4.5857529527559056 0.7920306775290616 119.71468996062993
0.5381027602363744 0.9947400181704709 4.729084645669292 0.7810930383612513 118.05081200787401
0.5707056611799747 0.9947183279102649 4.403912401574804 0.7910442448445544 104.66104822834644
0.5766916434042411 0.9951029085998563 4.214320866141732 0.7921879550358546 98.13127460629923
0.580774187631638 0.9948440605315416 4.21665846456693 0.7888737268722109 100.2044783464567
0.5829682857869211 0.994060692238479 4.587967519685039 0.7912446731188341 119.73597440944883
0.5716617985697778 0.9936545863072388 4.958538385826772 0.7678683005335828 127.78358759842519
0.559314198581672 0.9946017426297532 4.4044045275590555 0.7885157094405985 107.48203740157481
0.5910808632807931 0.9943283126682706 4.400713582677167 0.7981412304776674 110.04539862204723
0.5719874179066436 0.9943042415986975 4.609251968503937 0.7831916361118654 113.86281988188976
0.6114697535522662 0.9945986341177419 4.153051181102362 0.7925030357216957 98.8374753937008
0.5865366154248141 0.9946688503392322 4.384596456692913 0.7847090195929319 105.58932086614173
0.5734261123002902 0.9947143284750191 4.5264517716535435 0.7745016076664004 108.44537401574803
0.5809842048426951 0.9950316677537623 4.206938976377953 0.7971582443985933 102.78666338582677
0.5689529646888513 0.9944118183915465 4.608390748031495 0.7805729966915576 112.99052657480314
0.5570394224767742 0.9949831795959933 4.410310039370079 0.7804389985274369 102.24778543307086
0.5448958081351646 0.9946031178976171 4.811761811023622 0.7639108086748875 112.40698818897636
0.5682642876635461 0.9941718744431531 4.586491141732283 0.7912702863593792 115.28420275590551
0.5681598750863724 0.9950356609721593 4.385211614173229 0.7785964967467236 101.15723425196849
0.5665583628797854 0.9948865383871823 4.578617125984253 0.7643241776860719 104.46099901574803
0.5757330798181776 0.9946357937611402 4.400713582677165 0.7920287560098977 108.05191929133859
0.6200400963227134 0.9928637595473455 4.614788385826771 0.7962622099812052 120.97219488188976
0.557305775258507 0.9946910765160702 4.606053149606299 0.7751372410669083 108.06040846456693
0.574606409062138 0.9942535686624056 4.602116141732283 0.7835823448347411 113.6900836614173
0.5636549793152191 0.9948030838680986 4.5764025590551185 0.7676268492004712 105.21567421259844
0.5785263363717144 0.9942487498754932 4.774606299212598 0.7746082321687418 117.92064468503938
0.5742132331948205 0.9948483850952938 4.390748031496063 0.7870720827523775 106.90391240157481
0.5683959182026911 0.9944756135169636 4.582062007874016 0.7852213278663989 113.54010826771652
0.5977343204502482 0.993532467684734 4.722071850393701 0.7850439994438365 123.24237204724409
0.5791836554980515 0.9943202368944878 4.52140748031496 0.7840932414518922 110.80278051181104
0.6432951400621545 0.9934049721219818 4.202386811023622 0.8029823383769802 103.20915354330708
0.5883828263534593 0.9945999457910369 4.208784448818898 0.8086604389186264 105.81360728346458
0.5932130303768348 0.9946491542889251 4.206323818897638 0.8024858403331175 103.9603838582677
0.577008541565741 0.9941280955684075 4.564468503937007 0.7927115590616141 120.30499507874015
0.6416759957376719 0.9930979408918545 4.206938976377954 0.8109132947002394 112.45238681102363
0.59523232224143 0.992965290292619 4.911786417322835 0.7934060813773037 136.21259842519686
0.632569431130117 0.9929112369344109 4.299458661417322 0.81998275718725 124.67261318897638
0.5789657627914973 0.9942929245478662 4.609251968503937 0.7831612034653841 113.79453740157481
0.5724609900339674 0.9947218267348761 4.3955462598425195 0.7924689369001399 108.4611220472441
0.5890722978036633 0.9943832257884528 4.4077263779527565 0.7975048030033599 110.19795767716538
0.5917837853140523 0.9900671084259133 5.908218503937007 0.7543223389091993 179.59830216535434
0.5766220175459091 0.9906763575144135 5.867002952755906 0.7571451057976222 178.9769931102362
0.5862616548374963 0.9897786516842993 6.093380905511811 0.7467055239450076 185.30327263779526
0.5642826858712217 0.9904887495438855 6.104576771653543 0.7443327705247054 184.99815452755905
0.5809798864370413 0.9901035991399483 6.0487204724409445 0.7445863934054832 183.0150098425197
0.5642045667554693 0.9904043071977233 6.109128937007874 0.7493119640746557 188.34731791338584
0.5803871917529956 0.9897348915391865 6.107037401574803 0.7604013095131984 196.0205462598425
0.5658006492005372 0.990366436923024 6.056225393700787 0.7455734990164997 183.59768700787401
0.5771532451266078 0.9895039804273087 6.303272637795276 0.7479151135547195 199.8699557086614
0.5941408647278411 0.9890684630711138 6.440698818897638 0.7478343631947982 209.8278789370079
0.5898299555488984 0.989759154466556 6.000984251968503 0.7487458963906788 182.65157480314963
0.5640305304142622 0.9908558879122236 6.103838582677165 0.7427718146387866 179.46370570866145
0.5924296334982857 0.9895518530404385 6.050565944881889 0.7658377684922602 194.4158464566929
0.5810112348577458 0.9898588467654369 6.099532480314961 0.7435086061889316 184.611343503937
0.5821116500449914 0.9899761773015584 6.050688976377954 0.7510639510092455 185.2336368110236
0.5640972292245282 0.9903601772458975 6.106053149606299 0.7518859542230761 189.27731299212596
0.5738399740443273 0.9902981266358766 6.041092519685039 0.7541364665073842 187.33932086614175
0.5538485847719858 0.9910665967054391 6.068405511811024 0.7471073687290768 179.6595718503937
0.5524785667914742 0.9904401311574308 6.291338582677166 0.7361706875407951 190.65231299212599
0.5751589539076791 0.9887521168941992 6.4206446850393695 0.7504080565456863 215.26218011811022
0.5692445292787842 0.9897444299194711 6.301058070866142 0.7509324627249097 200.97969980314957
0.5609887552947542 0.9901063979464464 6.300565944881889 0.7399476006454883 193.5338336614173
0.5837242912260163 0.9896668027844181 6.062623031496062 0.7586598398431746 195.5282972440945
0.5895799330498694 0.9896227960601532 6.111466535433071 0.7602139520548012 194.70226377952753
0.5731238591851735 0.9901493154647465 6.108882874015747 0.7488404326691909 187.66437007874015
0.5774619541806885 0.9900674626651854 6.098302165354331 0.7467911612893339 186.29330708661416
0.5835759775730655 0.9908479557369939 5.83759842519685 0.7685295593974983 185.8052411417323
0.5891047572682602 0.9900888977190795 5.906988188976378 0.7705040953618013 189.63275098425197
0.5955789400924725 0.9903899693082655 5.928395669291339 0.7574993502354078 183.0345718503937
0.5681853573078456 0.9911438972238364 5.826033464566929 0.7605409954929457 179.40132874015745
0.5655339479192114 0.9904301911654507 6.0987942913385815 0.7435702339168215 184.69131397637796
0.5643803463803722 0.9905145851924712 6.051919291338582 0.7513330766595524 186.58833661417324
0.5681768256197139 0.9903510394587485 6.094119094488188 0.7476578716186376 186.93590059055117
0.5720779222931126 0.9902742140964078 6.056471456692912 0.7488442438092311 185.62795275590548
0.570119463413274 0.990412772237729 6.097933070866142 0.7431874058605479 184.63508858267716
0.5628572618264893 0.9904259276019655 6.108636811023622 0.7445907384793173 186.0453986220472
0.5749545819044879 0.9901100422083663 6.078617125984252 0.7522425073801322 192.25159940944883
0.5713629966207484 0.9903674990025935 6.043676181102361 0.7536808438563369 187.458907480315
0.5698929789584806 0.9902795875234799 6.106053149606299 0.746999934833333 186.84202755905508
0.5679037639146555 0.9912298386239837 5.82898622047244 0.7534431743099191 171.11355807086613
0.5756357676349274 0.9906034746463825 5.918430118110235 0.7523642845182557 180.2041092519685
0.5762025817709718 0.9909529515826048 5.815329724409449 0.7540760063824432 170.7137057086614
0.5804869408358454 0.989224297640663 6.379675196850394 0.7507237939456107 203.92470472440942
0.5620987936164847 0.9904631955250246 6.061884842519685 0.7528164028170571 186.82578740157481
0.5886998591725123 0.9897969323248791 6.046382874015748 0.7646227426840408 193.13841043307087
0.5614220311314695 0.9904620540572945 6.094242125984252 0.7477862080725982 186.57086614173227
0.5430591282535987 0.9904418309228412 6.257504921259843 0.7436119302882406 193.2620570866142
0.5529779690677982 0.9911232927446112 6.106914370078741 0.740106976356514 178.72108759842519
0.5614999510396372 0.9905817942065922 6.098794291338583 0.7427388035658086 184.5562253937008
0.5783732810094198 0.9905381747622775 5.906619094488189 0.753656114466573 179.98093011811025
0.5614788831993518 0.9905840889712714 6.098425196850393 0.7427391537408273 184.5244832677165
0.5614224894758415 0.9905661463540579 6.063361220472441 0.7471924089876039 184.89013287401573
0.5766927851720093 0.9906611602935285 5.873031496062992 0.7564492467939722 179.28383366141733
0.5946791728442844 0.9896159976142552 5.916707677165354 0.7584122046655689 188.49028051181102
0.5753232503676577 0.9905924933182547 5.918676181102362 0.7504191032909394 178.29441437007873
0.5685564516819817 0.9908122588959171 5.920521653543307 0.7567847833365539 181.58722933070868
0.5665542217271224 0.9904309000813746 6.09744094488189 0.7482957810710902 186.80204232283464
0.5650936795692172 0.9904963300515427 6.0952263779527565 0.749192065404384 186.95189468503938
0.5747174727984179 0.9901649076452819 6.052165354330709 0.7504173621409789 185.9677657480315
0.5766563196673454 0.9901251547278679 6.0501968503937 0.7457476226283937 183.07554133858267
0.5747297723829766 0.9899629789539858 6.111097440944882 0.7596187793616264 196.01956200787401
0.5646215820402269 0.9903756356675885 6.0547490157480315 0.7516701192804116 186.8490403543307
0.5799244512502826 0.9900876213545909 6.1081446850393695 0.7572838646672015 193.50246062992125
0.5588027030595889 0.9898579898080491 6.299581692913385 0.7491498689836191 204.08882874015748
0.570690436852584 0.9911097519100716 5.913262795275592 0.7514719130757308 173.9338090551181
0.5901423250961688 0.9905250019134616 5.861343503937007 0.7515126359960035 171.71911909448818
0.5901364321356001 0.989534614059672 6.1021161417322825 0.7536318836402873 192.42236712598424
0.5703292439015646 0.9904857278171305 6.115280511811023 0.7392281072324338 183.41031003937007
0.5685406107024085 0.9902100143273084 6.113927165354331 0.7485817061986766 187.11085137795277
0.575074001304923 0.9900769108415943 6.1078986220472435 0.7530453553533096 192.87992125984252
0.5798462205484265 0.989936684651065 6.064714566929133 0.7576573965656996 192.65206692913384
0.5772860805220679 0.9900479756145932 6.061146653543307 0.7511564118676654 186.6717519685039
0.5785111281599847 0.9894870322825737 6.302042322834645 0.7456258690099508 198.8307086614173
0.5714105815246237 0.990644179213627 5.912032480314961 0.7621398890634553 187.82603346456693
0.5697631222455244 0.9905608675416565 6.1516978346456686 0.7429700701667776 187.07418799212599
0.5558435139200534 0.9903087273770973 6.301181102362204 0.7371840136477756 192.57271161417327
0.571533191250314 0.9903691707492507 6.0547490157480315 0.7499733924684198 185.27755905511813
0.5621306227735677 0.9900947735316322 6.251107283464568 0.7424586450887538 192.45669291338584
0.5718638600382759 0.990278562176919 6.05093503937008 0.7492375506136082 185.55290354330708
0.571924451324894 0.9898825331814336 6.223794291338582 0.7468156909455158 192.89000984251965
0.5870699648661908 0.9896237218612434 6.0738188976377945 0.7554277162498968 194.771530511811
0.5678623758397277 0.9903371031016379 6.06126968503937 0.7486546468987134 185.0275590551181
0.5746277858570278 0.9901761423124327 6.015132874015748 0.7500418061275532 183.73794291338584
0.5756429068748887 0.9905797319815947 5.903666338582677 0.7643201711132455 188.5797244094488
0.5630729201002953 0.9909146409911483 6.105191929133858 0.7354197195517878 176.39579232283467
0.5826110347702654 0.9904977322650537 5.8639271653543314 0.7549930396091491 178.1349655511811
0.586788534397659 0.9897746354400476 6.0612696850393695 0.7563930262681481 191.35457677165354
0.5852378144895902 0.990574805802766 6.012180118110236 0.7473425538138032 182.59522637795277
0.6204789271923428 0.9898890803266814 5.812376968503937 0.7600813848084285 177.8357529527559
0.5859675014794287 0.9898856636213849 6.17888779527559 0.7431428187370239 188.43073326771653
0.586744499113018 0.9897044703683101 6.050073818897637 0.7599594570124746 192.4501722440945
0.5860147657893066 0.989896302600731 5.962844488188976 0.7512636525386294 181.16018700787401
0.5792734340521978 0.9900530885039543 6.090305118110235 0.7494592821315316 187.45127952755905
0.5616947338363838 0.9908628166707123 6.063484251968504 0.7450200246427603 178.43725393700788
0.5649113964228066 0.990549939350531 6.102485236220472 0.7467298637917337 186.08255413385825
0.5655322550043788 0.9907187836641429 6.099163385826771 0.7415167189383961 178.33944389763778
0.5680612256012932 0.9905198226558612 6.099286417322835 0.7454369693125873 180.28764763779526
0.5643117296353586 0.9903960864653576 6.102854330708661 0.7485305375753103 186.68700787401576
0.5887721509190711 0.9902759185791369 5.910310039370079 0.7495974613032105 173.25123031496065
0.5706983408223746 0.9894913090149742 6.293922244094488 0.7426141566684713 194.5701279527559
0.5325785491641792 0.9892616775763433 7.075541338582678 0.7634587535467827 243.15477362204717
0.5323246693095421 0.9900468138463538 7.075541338582678 0.749624197425895 228.25885826771653
0.5278121586768639 0.9971334323885316 4.006397637795276 0.7248201612667886 64.88262795275591
0.47306469369035176 0.998120903210975 3.6146653543307083 0.6526917847399725 40.1179872047244
0.4295670188055538 0.9983430783955984 3.6146653543307092 0.6526800121522125 40.116510826771645
0.4107507792649703 0.9984939819328624 3.614665354330709 0.6206266197565139 34.95915354330708
0.5149727642063845 0.9906856989033795 7.028789370078741 0.7446684317784678 218.10027066929135
0.5231703418525372 0.9905399153929314 7.02878937007874 0.7460595751256178 219.23363681102362
0.5555519253308138 0.9890380542565175 7.15748031496063 0.7322098448255325 224.50861220472441
0.5281738615300983 0.9897634736714526 7.072342519685039 0.7469908883757166 236.64554625984255
0.5437187003386409 0.9899418585670902 7.02878937007874 0.7574705464129206 228.48400590551182
0.5502453991982366 0.9895735304241511 7.028789370078741 0.7396716550119868 218.90883366141733
0.4107507792649703 0.9984939819328624 3.614665354330709 0.6206266197565139 34.95915354330708
0.4107507792649703 0.9984939819328624 3.614665354330709 0.6206266197565139 34.95915354330708
0.4107507792649703 0.9984939819328624 3.614665354330709 0.6206266197565139 34.95915354330708
0.4403292087700184 0.9983143291871046 3.614665354330709 0.6714176467032165 41.27546751968504
0.4403292087700184 0.9983143291871046 3.614665354330709 0.6714176467032165 41.27546751968504
0.48102468789778036 0.9980187748671676 3.614665354330709 0.7149354794388437 48.07837106299212
0.5178961103921566 0.990018076729963 7.075541338582677 0.7490705771902675 228.6632627952756
0.533969392787756 0.9899281268096871 7.075541338582678 0.7520739581572673 229.689468503937
0.5427338003441206 0.9894120456839274 7.075541338582677 0.7507987305740623 239.2555364173228
0.4403292087700184 0.9983143291871046 3.614665354330709 0.6714176467032165 41.27546751968504
0.5062343466402713 0.997876142388075 3.6146653543307083 0.7079265412959757 47.65944881889764
0.5235872917165482 0.9904544299229735 7.028789370078741 0.7395299577649106 216.95263287401576
0.4842505306337081 0.9980316237916588 3.614665354330709 0.6588797981287545 40.50258366141732
0.4780076282612494 0.9980898852059417 3.614665354330709 0.65265629968791 40.11712598425196
0.538423014680965 0.9899980950567611 7.02878937007874 0.7549864957323793 227.42605807086613
0.5658309860572631 0.9881534438333366 7.02878937007874 0.7443077058063869 233.45866141732282
0.5761961587595504 0.9870470783659243 7.025959645669291 0.7694898875918423 261.4175688976378
0.5310881724092202 0.9896999332688274 7.194635826771654 0.7376318906434967 228.9454970472441
0.5337464561824798 0.9901661233893345 7.028789370078741 0.7347510148846118 215.91781496062993
0.5231703418525372 0.9905399153929314 7.02878937007874 0.7460595751256178 219.23363681102362
0.5425165509301829 0.990252607585197 6.884350393700787 0.7458497817288035 217.5670521653543
0.5395342267212885 0.9893599136614701 7.075541338582678 0.7505031372557428 239.25812007874015
0.533969392787756 0.9899281268096871 7.075541338582678 0.7520739581572673 229.689468503937
0.5427029184602375 0.9893678635523568 7.07234251968504 0.7462356528587857 237.01550196850394
0.4723077060519057 0.9980291392521546 3.6146653543307083 0.7036889217021678 47.93725393700787
0.4403292087700184 0.9983143291871046 3.614665354330709 0.6714176467032165 41.27546751968504
0.5265500884741173 0.9900978407571335 7.028789370078741 0.7236965473703291 211.6595718503937
0.5046114050970432 0.9913416765820757 7.02878937007874 0.7329376335495723 203.98277559055117
0.5231703418525372 0.9905399153929314 7.02878937007874 0.7460595751256178 219.23363681102362
0.569170009930181 0.9896332486301402 6.77509842519685 0.746939475118191 212.74593996062995
0.5252647565765682 0.9903994626354712 7.028789370078741 0.7524967762183254 227.25639763779526
0.5302071121462004 0.990172215816457 7.028789370078741 0.7407503174368935 218.04601377952756
0.5203600363479512 0.990555461350705 7.028789370078741 0.74028794658573 216.98154527559052
0.5245607952059687 0.9903364805670901 7.028789370078738 0.7425929766678472 222.96727362204723
0.5437006740918715 0.9899848054225846 6.9637057086614185 0.750846404302638 223.5279281496063
0.5333101096804683 0.9894840489465062 7.075541338582677 0.7415975490505744 234.93848425196853
0.5298167427460023 0.9895207938323546 7.075541338582678 0.7420597335001763 224.98277559055117
0.5226885780551891 0.9900396434805331 7.075541338582678 0.7490704897146709 228.25516732283464
0.5415865182490245 0.9902914064413505 6.828125 0.7537116149218736 217.62635334645668
0.6116322651144812 0.9964012149488198 3.6146653543307083 0.8138372983520985 74.47268700787401
0.5214800371411782 0.9905946619080079 7.02878937007874 0.7464046787225374 219.10531496062993
0.5046114050970432 0.9913416765820757 7.02878937007874 0.7329376335495723 203.98277559055117
0.5179537216705271 0.9905884699554762 7.028789370078741 0.7439415054373322 218.20570866141733
0.5600903493400714 0.9903181855396035 6.641732283464567 0.7644673867771941 214.08353838582678
0.5107052665637869 0.9903472970973585 7.02878937007874 0.7317035872276656 213.84399606299215
0.5179758730905037 0.990542629321428 7.028789370078741 0.7464385126844868 219.10617618110237
0.5046114050970432 0.9913416765820757 7.02878937007874 0.7329376335495723 203.98277559055117
0.5766363437039622 0.9879848343547263 7.028789370078741 0.7497735525490715 235.60346948818895
0.5924158745072711 0.996361802868066 3.5835383858267718 0.8019752859707023 76.32984744094487
0.5338838470620442 0.9897974284279626 7.208907480314961 0.7386249226138935 230.1536663385827
0.5387460218425679 0.9885424110861527 7.075541338582676 0.7449789781137546 233.83956692913387
0.5127073557327132 0.9901990676599681 7.072834645669291 0.7349243711145085 222.3620816929134
0.5138900039160682 0.9902553310146274 7.02878937007874 0.7451771141386794 224.4808070866142
0.4982460711106521 0.9906884043591166 7.229330708661418 0.725807428253852 220.39345472440945
0.5074244000784561 0.9907473352188263 7.028789370078741 0.754731134457362 229.22096456692913
0.5217947130030743 0.9905867310635562 7.02878937007874 0.7464401016689666 219.2463090551181
0.5335683008257918 0.9899583327403619 7.02878937007874 0.7472377210026508 225.34485728346456
0.50666967775278 0.9901405176765149 7.201156496062993 0.7368314987608618 238.2004183070866
0.5179537216705271 0.9905884699554762 7.028789370078741 0.7439415054373322 218.20570866141733
0.52667554710913 0.9902324309726191 7.028789370078741 0.7355577494325836 215.88877952755905
0.5231703418525372 0.9905399153929314 7.02878937007874 0.7460595751256178 219.23363681102362
0.5231703418525372 0.9905399153929314 7.02878937007874 0.7460595751256178 219.23363681102362
0.5253632451150024 0.9900123124950997 7.169045275590552 0.7421955205448725 229.3291092519685
0.5226259133911715 0.9901968015731811 7.062253937007874 0.7432131458765184 225.26685531496062
0.533969392787756 0.9899281268096871 7.075541338582678 0.7520739581572673 229.689468503937
0.5420310657318447 0.9892600268600935 7.0733267716535435 0.7396805323436542 233.7904773622047
0.5337655701008069 0.9903426814368035 6.884350393700787 0.745756863372105 217.87401574803152
0.5188153288672157 0.9906567941039401 7.028789370078741 0.7381810868253266 215.9650590551181
0.5622231648310008 0.9870198723085053 7.191437007874016 0.7320213553045687 244.63336614173232
0.5411848134102719 0.9890090896153487 7.122416338582678 0.7441956122882091 238.48228346456693
0.5286831739021637 0.9901744358757709 7.02878937007874 0.7348688428589303 215.83722933070865
0.5026083348760914 0.9914306452805527 7.02878937007874 0.7301075900954166 203.01968503937007
0.4403292087700184 0.9983143291871046 3.614665354330709 0.6714176467032165 41.27546751968504
0.4779804498577802 0.9980377205075162 3.632504921259842 0.697843844319652 47.0880905511811
0.5364431066254174 0.9895200000054144 7.075541338582676 0.7396497855416138 223.76857775590548
0.516341100290376 0.9901318659647612 7.075541338582677 0.7466835098198744 227.25000000000003
0.5396813983372433 0.9893265184552046 7.075541338582678 0.7303849527415911 219.1062992125984
0.4680078166875012 0.9980529197110336 3.6146653543307083 0.7033749025946981 47.17962598425197
0.4779804498577802 0.9980377205075162 3.632504921259842 0.697843844319652 47.0880905511811
0.5231947171141976 0.9904940650394572 7.02878937007874 0.7485565823727727 220.13410433070868
0.5046114050970432 0.9913416765820757 7.02878937007874 0.7329376335495723 203.98277559055117
0.5046114050970432 0.9913416765820757 7.02878937007874 0.7329376335495723 203.98277559055117
0.5476142047937866 0.9894695470536162 7.0207923228346445 0.7188651982232204 211.71604330708664
0.5255480269880086 0.9907719218759885 6.874753937007873 0.7430444198199113 210.71235236220474
0.5036201682499523 0.9913068952942901 7.028789370078741 0.7273101468839922 202.05339566929132
0.5147029732650772 0.9910736411247663 7.02878937007874 0.7244833943422219 201.0867372047244
0.5310786243590678 0.9901597332916772 7.02878937007874 0.742417496461526 222.38053641732284
0.535850111591805 0.9894603815245362 7.027559055118111 0.7417615485050701 222.65711122047244
0.4107507792649703 0.9984939819328624 3.614665354330709 0.6206266197565139 34.95915354330708
0.4107507792649703 0.9984939819328624 3.614665354330709 0.6206266197565139 34.95915354330708
0.4107507792649703 0.9984939819328624 3.614665354330709 0.6206266197565139 34.95915354330708
0.4107507792649703 0.9984939819328624 3.614665354330709 0.6206266197565139 34.95915354330708
0.4107507792649703 0.9984939819328624 3.614665354330709 0.6206266197565139 34.95915354330708
0.3876536581230546 0.998509584212066 3.6146653543307083 0.6047537741305898 34.29429133858268
0.4532163791692464 0.998324719862777 3.5823080708661417 0.6720032092895982 40.76783956692913
0.4403292087700184 0.9983143291871046 3.614665354330709 0.6714176467032165 41.27546751968504
0.4721369368468941 0.9980356487491161 3.585014763779527 0.703942345031441 46.646776574803155
0.44087293314655385 0.998327787386304 3.582308070866142 0.666024128323271 40.399360236220474
0.48102468789778036 0.9980187748671676 3.614665354330709 0.7149354794388437 48.07837106299212
0.4345983590724874 0.9983142565676503 3.632627952755905 0.6583866112018317 40.79490649606299
0.46265216655187963 0.9980433857264395 3.6333661417322833 0.6979116709549984 47.81963582677165
0.4621425259168469 0.9980090891331271 3.633366141732283 0.7085671952756938 47.949803149606296
0.4795494612294436 0.9979086318956131 3.633366141732283 0.678113497042542 45.95275590551182
0.4621425259168469 0.9980090891331271 3.633366141732283 0.7085671952756938 47.949803149606296
0.4536935845997686 0.9980236831226198 3.6333661417322833 0.6829036345794051 46.43996062992125
0.4621425259168469 0.9980090891331271 3.633366141732283 0.7085671952756938 47.949803149606296
0.46265216655187963 0.9980433857264395 3.6333661417322833 0.6979116709549984 47.81963582677165
0.4734256684495785 0.9980210156970335 3.633366141732283 0.7086143727981851 47.957677165354326
0.45773700700455866 0.9980543112590179 3.6146653543307083 0.6982789240952086 47.46985728346456
0.46984407487006064 0.9980262980954614 3.6325049212598426 0.6924969812089429 47.36909448818897
0.4403292087700184 0.9983143291871049 3.6146653543307083 0.6714176467032166 41.275467519685044
0.4599223986223014 0.9980412446947923 3.614665354330708 0.6981339314673531 47.47551673228347
0.4723077060519057 0.9980291392521546 3.6146653543307083 0.7036889217021678 47.93725393700787
0.4403292087700184 0.9983143291871046 3.614665354330709 0.6714176467032165 41.27546751968504
0.4107507792649703 0.9984939819328624 3.614665354330709 0.6206266197565139 34.95915354330708
0.4107507792649703 0.9984939819328624 3.614665354330709 0.6206266197565139 34.95915354330708
0.4107507792649703 0.9984939819328624 3.614665354330709 0.6206266197565139 34.95915354330708
0.4107507792649703 0.9984939819328624 3.614665354330709 0.6206266197565139 34.95915354330708
0.4107507792649703 0.9984939819328624 3.614665354330709 0.6206266197565139 34.95915354330708
0.4107507792649703 0.9984939819328624 3.614665354330709 0.6206266197565139 34.95915354330708
0.4107507792649703 0.9984939819328624 3.614665354330709 0.6206266197565139 34.95915354330708
0.4654315237726878 0.9980357059090594 3.614665354330708 0.6930615558967621 46.99901574803149
0.4803237924075285 0.9980450967940301 3.6305364173228343 0.6924831072830331 46.64542322834646
0.4340566263593745 0.9983335201314868 3.633366141732284 0.6519080839479183 40.43159448818898
0.48607048132161734 0.9979860456542877 3.6146653543307083 0.6990730768247849 47.41141732283464
0.43933648012812093 0.9983193165760197 3.6146653543307092 0.6714531317552789 41.27632874015748
0.4403292087700184 0.9983143291871046 3.614665354330709 0.6714176467032165 41.27546751968504
0.5275999468728221 0.9976764435910974 3.5850147637795278 0.6905738845323581 45.86577263779527
0.4107507792649703 0.9984939819328624 3.614665354330709 0.6206266197565139 34.95915354330708
0.4305005484595164 0.9983228938833281 3.6146653543307083 0.6589389956451193 40.50282972440945
0.4107507792649703 0.9984939819328624 3.614665354330709 0.6206266197565139 34.95915354330708
0.4107507792649703 0.9984939819328624 3.614665354330709 0.6206266197565139 34.95915354330708
0.3993170818992659 0.9984560259835178 3.6146653543307083 0.6038010574787063 34.28543307086614
0.4107507792649703 0.9984939819328624 3.614665354330709 0.6206266197565139 34.95915354330708
0.38682286091788215 0.9985148370666656 3.614665354330709 0.6049700683865388 34.29502952755905
0.4107507792649703 0.9984939819328624 3.614665354330709 0.6206266197565139 34.95915354330708
0.5175420530414415 0.997757112238157 3.585014763779527 0.691061025397625 45.863558070866134
0.43933648012812093 0.9983193165760197 3.6146653543307092 0.6714531317552789 41.27632874015748
0.44326119771137834 0.9983201255562679 3.6146653543307083 0.6646627495786811 40.89665354330708
0.4403292087700184 0.9983143291871046 3.614665354330709 0.6714176467032165 41.27546751968504
0.489401824451379 0.9979368733743136 3.5850147637795278 0.6895490749083687 45.954478346456696
0.4638816945246182 0.9980409671004375 3.6333661417322833 0.6975754732874273 47.08587598425197
0.4497757560922293 0.9980629528501346 3.6333661417322833 0.6927928699637 47.373523622047244
0.4446071275745119 0.9981092071133357 3.6333661417322833 0.6867866821908721 46.27251476377953
0.4577850367119973 0.9980733892755327 3.6333661417322833 0.6978555178107387 47.1117125984252
0.46265216655187963 0.9980433857264395 3.6333661417322833 0.6979116709549984 47.81963582677165
0.45985617585982314 0.9980419764444141 3.6333661417322833 0.7032113565432163 47.53075787401575
0.4734256684495785 0.9980210156970335 3.633366141732283 0.7086143727981851 47.957677165354326
0.43291935710962903 0.9983050455479036 3.6333661417322833 0.6644996123044354 41.169045275590555
0.4943088277565548 0.9978013954908374 3.6333661417322833 0.6845216762658141 46.3058562992126
0.43291935710962903 0.9983050455479036 3.6333661417322833 0.6644996123044354 41.169045275590555
0.46265216655187963 0.9980433857264395 3.6333661417322833 0.6979116709549984 47.81963582677165
0.4497757560922293 0.9980629528501346 3.6333661417322833 0.6927928699637 47.373523622047244
0.511897840709393 0.9977399261095847 3.633366141732284 0.6899246925207829 46.73277559055118
0.4698328311641118 0.9980261804981476 3.6327509842519676 0.6926257673391536 47.374630905511815
0.4107507792649703 0.9984939819328624 3.614665354330709 0.6206266197565139 34.95915354330708
0.4107507792649703 0.9984939819328624 3.614665354330709 0.6206266197565139 34.95915354330708
0.4107507792649703 0.9984939819328624 3.614665354330709 0.6206266197565139 34.95915354330708
0.3767411644107396 0.9985121400389468 3.614665354330709 0.5900734258504254 33.63754921259843
0.4107507792649703 0.9984939819328624 3.614665354330709 0.6206266197565139 34.95915354330708
0.4107507792649703 0.9984939819328624 3.614665354330709 0.6206266197565139 34.95915354330708
0.48102468789778036 0.9980187748671676 3.614665354330709 0.7149354794388437 48.07837106299212
0.5003294865802057 0.9980048088911965 3.6146653543307083 0.6651489233013193 40.88902559055117
0.5182458733115445 0.9977282739264961 3.614665354330709 0.6945612709269877 46.845349409448815
0.4723077060519057 0.9980291392521546 3.6146653543307083 0.7036889217021678 47.93725393700787
0.48890252128310363 0.9978573898183309 3.614665354330709 0.6881184115399998 46.450541338582674
0.49488003529540675 0.9978551922641937 3.6146653543307083 0.6833826428405234 45.94045275590551
0.5183044897693109 0.9977170345685474 3.6146653543307092 0.7391059075131595 53.75701279527559
0.5569392449011674 0.9972899680194626 3.6146653543307083 0.7691557916683236 61.290846456692925
0.5551633317400777 0.9971653678053295 3.762795275590551 0.75333362917501 63.02522145669291
0.5553421912023521 0.9971905299151975 3.771653543307087 0.740250755690256 61.646776574803155
0.5680844407452266 0.9966419055376151 3.9991387795275593 0.7382708118403998 70.68614665354332
0.5685476526713492 0.997146079874474 3.678764763779528 0.7498535186676554 60.55290354330708
0.46996909867011255 0.998043316624037 3.6146653543307092 0.7038339143300233 47.93159448818897
0.4190850711027944 0.9983243070846384 3.614665354330709 0.652692482953081 40.116879921259844
0.4107507792649703 0.9984939819328624 3.614665354330709 0.6206266197565139 34.95915354330708
0.44760984551822663 0.998301238179977 3.614665354330709 0.6651371507135593 40.88754921259842
0.43050054845951635 0.9983228938833277 3.614665354330709 0.6589389956451193 40.502829724409445
0.4107507792649703 0.9984939819328624 3.614665354330709 0.6206266197565139 34.95915354330708
0.4158954753030452 0.998349640694222 3.6146653543307083 0.6463883448659529 39.73006889763779
0.4403292087700184 0.9983143291871046 3.614665354330709 0.6714176467032165 41.27546751968504
0.4403292087700184 0.9983143291871046 3.614665354330709 0.6714176467032165 41.27546751968504
0.48102468789778036 0.9980187748671676 3.614665354330709 0.7149354794388437 48.07837106299212
0.47841810103571347 0.9980550851034802 3.6146653543307083 0.7092609349958868 47.63656496062992
0.4403292087700184 0.9983143291871046 3.614665354330709 0.6714176467032165 41.27546751968504
0.48102468789778036 0.9980187748671676 3.614665354330709 0.7149354794388437 48.07837106299212
0.44087293314655385 0.998327787386304 3.582308070866142 0.666024128323271 40.399360236220474
0.4274375084823516 0.9982428741876054 3.7721456692913384 0.6436068367788932 42.26205708661418
0.6035836671704462 0.996052354172982 4.0141486220472435 0.7419240648090143 71.58230807086613
0.5809798668966715 0.9961997838799045 4.155388779527558 0.7344478904264241 74.1599409448819
0.5577412879809575 0.9966573985609183 4.014148622047244 0.7351514672733592 70.66670767716535
0.5597323490973126 0.9965838271537136 4.014148622047244 0.7385832803726909 71.23388287401575
0.5706085593424766 0.9965486126349429 4.009965551181103 0.7505905809959017 73.05118110236221
0.5571505377036995 0.9966299039960913 4.014640748031496 0.7528106554390384 73.55991633858268
0.5355508806347274 0.9972808034204692 3.8160679133858264 0.7474904973401983 63.01574803149607
0.5532917474274562 0.996633485135665 4.016117125984252 0.7567234277865431 74.19869586614173
0.5355508806347274 0.9972808034204692 3.8160679133858264 0.7474904973401983 63.01574803149607
0.5566828998567083 0.9968761477367343 3.8160679133858273 0.7671950807245443 70.27940452755905
0.5571505377036995 0.9966299039960913 4.014640748031496 0.7528106554390384 73.55991633858268
0.6004991128863352 0.9964052328410254 3.8239419291338583 0.776905160368276 75.36983267716536
0.597372451480456 0.996446255020593 3.8239419291338574 0.7770034878226181 75.38705708661418
0.6323494196258175 0.9959401603992365 3.770300196850394 0.8006434896476102 80.71161417322834
0.6076152735638167 0.9963557145508545 3.776205708661417 0.7807003175605598 74.66018700787401
0.6370264646266512 0.9957122649599894 3.820374015748031 0.7729451336226684 77.37549212598425
0.5972262472540555 0.9964104848921891 3.824557086614173 0.7801695784007381 76.0265748031496
0.6025017486449562 0.9961645628395622 3.95890748031496 0.7684233036049943 77.96776574803148
0.5946611323039546 0.9964292159819691 3.821481299212598 0.7824988633661112 76.36380413385827
0.5970731306500144 0.9963870098142582 3.824557086614173 0.7814065739290361 76.38422736220473
0.6227078773240088 0.995917258750199 3.824557086614173 0.8067463382894722 83.71038385826772
0.6252282326125732 0.9956883748882891 3.9650590551181106 0.7960603943247537 85.91879921259843
0.603499367422712 0.9963615734866365 3.8234498031496065 0.7767109273540271 75.35851377952756
0.5689643712839327 0.9964848094812888 4.156373031496063 0.7413398789128332 74.9298720472441
0.57028764699011 0.9966607488535141 4.015132874015748 0.7504915508231875 72.47539370078741
0.5856231557808277 0.9960735074795602 4.150221456692914 0.7594953338585653 82.06631397637796
0.5923074394090052 0.9960169823261977 4.150221456692913 0.7552853542011401 81.37376968503936
0.5660457520408377 0.996525389379423 4.154896653543307 0.7418064793131651 74.93454724409447
0.5646976732994524 0.9965561997749803 4.103838582677165 0.7384858699091232 73.05425688976378
0.5611219779161335 0.9967676696385405 4.0142716535433065 0.7504947340968312 72.45497047244095
0.5611811193767854 0.9966949881550438 4.0141486220472435 0.7463638602050566 72.53481791338582
0.543888848408503 0.997035193052715 4.014517716535433 0.7284976966440471 65.5960875984252
0.5419888539685122 0.9973024949121284 3.824680118110236 0.7396699998431193 62.23745078740157
0.5879632332613599 0.9964079764682596 3.9641978346456694 0.7390181110279481 69.9398375984252
0.5598126470333146 0.9968235670049139 3.9678887795275593 0.7289502302523089 64.62253937007874
0.5769910175584435 0.9967459395528669 3.816067913385827 0.7431791299574229 62.76820866141732
0.5700845489159548 0.9966171845333129 3.9601377952755907 0.7499998256795062 71.54207677165356
0.5603567578914584 0.9968754855037271 3.816067913385827 0.7629728711811664 69.64936023622047
0.5401778713132656 0.9970702174572079 3.9605068897637796 0.7369793201369593 65.28998523622047
0.5666492535579246 0.9966206482752887 4.014148622047244 0.7463368912444026 72.50984251968504
0.5284322778283663 0.9971833896453229 3.816067913385827 0.7720300076396467 70.5631151574803
0.5727504054434734 0.9965352739469578 3.961983267716535 0.7534351637366103 72.19562007874016
0.5930764564672033 0.9960553971100492 4.1044537401574805 0.7589760349721413 80.71592027559055
0.5685000278262698 0.9964523545972213 4.155880905511811 0.7445888810029779 75.49483267716535
0.5929095290811374 0.996229955606416 4.0137795275590555 0.7609279367383391 78.43171751968504
0.5282097767601834 0.9972416967463495 3.8142224409448815 0.7644778169834308 69.30807086614172
0.5424421687661856 0.9972847673066215 3.808932086614173 0.7392928401185803 61.852239173228355
0.6136916961014723 0.9962601984774323 3.821358267716535 0.7727461988068471 74.6293061023622
0.5886857687364339 0.9964917354954523 3.823449803149606 0.7730688415745344 74.7124753937008
0.5785535989522865 0.9967528365994351 3.8228346456692908 0.7603776972014998 69.3929625984252
0.5338271114173352 0.9970173550691919 4.015132874015747 0.7515565374071651 72.80191929133859
0.5786403296306295 0.9967521038795265 3.822834645669291 0.760715265442152 69.40932578740158
0.57028764699011 0.9966607488535141 4.015132874015748 0.7504915508231875 72.47539370078741
0.57028764699011 0.9966607488535141 4.015132874015748 0.7504915508231875 72.47539370078741
0.574751750321396 0.9965405120813419 4.009965551181103 0.7465896064409923 72.43245570866142
0.5962037496637661 0.9963858988336016 3.8142224409448815 0.7593641166155991 68.68946850393701
0.5316080967083001 0.9972771945894355 3.816067913385827 0.752039083199572 63.60900590551181
0.559520360742174 0.996557953387645 4.00984251968504 0.7574195622144841 74.128937007874
0.560064944748124 0.9965562020542931 4.014640748031496 0.75689205896963 74.16190944881889
0.5355508806347274 0.9972808034204692 3.8160679133858264 0.7474904973401983 63.01574803149607
0.6177517944870585 0.9962609732781559 3.7762057086614167 0.7745723372371709 73.69931102362204
0.6175837057993651 0.9960975653068065 3.821481299212598 0.7602600004558298 72.39000984251967
0.6418693642632206 0.9956591488001219 3.821235236220472 0.7713709398175821 74.36392716535431
0.594320823995655 0.9964678575209023 3.8214812992125986 0.7779614197209086 75.64677657480314
0.6191470041757252 0.9960311540996222 3.8212352362204722 0.7746351455733118 74.99458661417323
0.5655810865362496 0.9964915597628264 4.157726377952756 0.7448314814039472 75.53567913385827
0.5547776445939719 0.9967990799441079 4.012672244094488 0.7549596923031694 73.07172736220473
0.6200757253902779 0.995768734812947 3.967888779527559 0.7613952110743902 77.12635334645668
0.5583932695940756 0.9970451973894342 3.824680118110236 0.7603163107629852 68.8064714566929
0.5705187305693912 0.996580935472712 4.014148622047244 0.7462724178632705 72.48523622047244
0.5428063438951009 0.997062841566952 3.9639517716535435 0.7254647196620362 63.90809547244095
0.5364625194853646 0.9971354190663786 3.8142224409448815 0.7595541265146875 68.47330216535433
0.5636165758781699 0.9969145386212662 3.814345472440944 0.7543994237284154 67.67999507874016
0.5280193831535838 0.9972256224852591 3.814222440944881 0.7553446727317683 67.94672736220473
0.5358124979228277 0.9973128303483153 3.808932086614173 0.7438152418674113 62.38459645669291
0.5323024325325224 0.9973102125349367 3.808932086614173 0.7484878189343629 62.945866141732274
0.5380968880984981 0.997251968441424 3.816067913385827 0.7473263575914172 63.03863188976378
0.525303190338172 0.9971882179905966 4.00947342519685 0.72738404641369 65.3404281496063
0.5888517727660294 0.9960653609386239 4.150713582677165 0.7546854120309602 81.3783218503937
0.5669464081996834 0.9966655687954096 4.015871062992126 0.7540136906650045 73.06336122047244
0.5948686068347152 0.9964100597861698 3.8234498031496056 0.7728281068260026 74.69340551181102
0.578249327251857 0.9963107521472074 4.015871062992126 0.7626720918670477 78.75073818897637
0.6098578247123655 0.9962688517743968 3.8234498031496065 0.7762011988748464 75.34165846456693
0.5610669039911826 0.9966624036077021 4.015871062992126 0.7498280112096168 73.13238188976376
0.5533470207511124 0.9966328455568542 4.014640748031496 0.7570832307275275 74.2144438976378
0.5316080967083001 0.9972771945894355 3.816067913385827 0.752039083199572 63.60900590551181
0.5316080967083001 0.9972771945894355 3.816067913385827 0.752039083199572 63.60900590551181
0.5373895968437244 0.9970041953515186 4.014763779527559 0.7360628743800343 66.52546751968505
0.5355508806347274 0.9972808034204692 3.8160679133858264 0.7474904973401983 63.01574803149607
0.5355508806347274 0.9972808034204692 3.8160679133858264 0.7474904973401983 63.01574803149607
0.5571505377036995 0.9966299039960913 4.014640748031496 0.7528106554390384 73.55991633858268
0.5601194888799642 0.9965910271529509 4.014640748031496 0.7527340141769028 73.53457185039372
0.6042285515744855 0.9964147670364738 3.7762057086614176 0.7781094384977427 74.35063976377953
0.5323024325325224 0.9973102125349367 3.808932086614173 0.7484878189343629 62.945866141732274
0.5601194888799642 0.9965910271529509 4.014640748031496 0.7527340141769028 73.53457185039372
0.5868385892419761 0.9962642918189647 3.9651820866141727 0.7682528685406659 78.06139271653544
0.6200675842250428 0.9960855191704946 3.824557086614173 0.7963407025470575 81.54441437007874
0.6121719134829209 0.9960579795672284 3.8245570866141736 0.7993796339804956 82.23757381889764
0.5886033792164835 0.9965417731748815 3.821481299212598 0.7786657172393856 75.69438976377953
0.5939045659226594 0.9964292709144376 3.824557086614173 0.780935416196301 76.35457677165354
0.5563415008911007 0.9915712298266363 6.155388779527559 0.737077704497572 180.5516732283465
0.5350438196540802 0.9914721634216279 6.493971456692913 0.7180728549472065 188.35494586614175
0.5159956199122087 0.9915395612535576 6.635580708661418 0.685821080165068 177.89812992125985
0.5105960873668216 0.9925531081101308 6.213951771653543 0.7328713778732389 181.75971948818898
0.5088427174995916 0.99241189226785 6.3204970472440944 0.7101517989787416 172.5017224409449
0.5219192700858525 0.990954133518018 6.8201279527559056 0.7085410841717017 199.7858021653543
0.5370896382981875 0.9914759131305859 6.410556102362204 0.7212638240205778 185.85248523622045
0.592930060914456 0.9880337110880755 6.513041338582678 0.7481061236826777 220.32418799212599
0.5664484050080684 0.9895712274147067 6.432332677165355 0.7509016092847811 214.27817421259843
0.5773812466594904 0.9893924199027777 6.437253937007874 0.7584013095711655 220.3390748031496
0.5669769707469708 0.9888190614350518 6.6267224409448815 0.7410547620286506 221.92901082677167
0.5652914749126359 0.9888424731247132 6.681225393700788 0.7483835218507978 230.55314960629923
0.5429322001636816 0.9899495600576945 6.675935039370079 0.7366271333041924 218.35666830708664
0.5666263536066358 0.9889003164241142 6.682824803149606 0.7472832803606678 230.39739173228344
0.5428401547317114 0.9893662250137513 6.87130905511811 0.7320747675768906 227.37081692913387
0.5439177775402707 0.9890794967505734 6.993971456692914 0.7195377442687795 227.2653789370079
0.5549518619377162 0.9885835516567862 6.985236220472441 0.7335238070256112 238.7482775590551
0.5386098501509762 0.9893061675066408 7.047244094488189 0.7200033169670085 229.55954724409446
0.5424712936362158 0.989445922746685 6.864050196850394 0.7304616426253285 225.85494586614175
0.5707574911347468 0.9885588546353089 6.771530511811024 0.7434867119830058 232.96235236220474
0.5553191179973306 0.9889442303646518 6.905757874015748 0.7299714482099069 227.9593996062992
0.542861597379246 0.988628848526268 7.334522637795274 0.7076198189685292 238.59916338582676
0.5483944731682769 0.9889698521047089 6.949926181102362 0.7241736606359106 226.78309547244095
0.4977124176758492 0.9918263611239475 6.763041338582676 0.6939172167344348 186.52940452755908
0.5091782170884134 0.9923701947706416 6.303026574803149 0.7136251909855011 173.27423720472441
0.5196896486617241 0.9913980965649648 6.509965551181103 0.7202878285019061 190.38656496062993
0.5135545318784 0.9916530004125245 6.5205462598425195 0.7199554469833123 190.79207677165354
0.49773851864049834 0.9916825894959832 6.717150590551182 0.6991896503031264 190.8895177165354
0.5215860239531516 0.9920928172691053 6.4173228346456686 0.7196921168084867 184.32541830708664
0.5465311441120075 0.9901821533283486 6.763533464566929 0.7031136453237777 194.14111712598424
0.5201990038594374 0.9921557345333645 6.4140009842519685 0.710729494616715 176.6970964566929
0.5283068925523295 0.9917087972785753 6.414370078740157 0.7220713024387801 186.22600885826773
0.53636409355157 0.9913274058879215 6.365157480314961 0.7391754545631477 195.2359744094488
0.5192129201956528 0.9909837806631778 6.716412401574803 0.7107959971978699 196.3355068897638
0.5243459107362085 0.99102216265161 6.816437007874017 0.6986392864860177 194.36478838582678
0.5297006295694722 0.991793595350761 6.4171998031496065 0.72126670407977 186.32861712598424
0.5453346671752658 0.9911681243190272 6.349040354330708 0.7384550626117456 194.9523868110236
0.5327301143465194 0.9916212583452428 6.4143700787401565 0.721435979926644 186.03100393700788
0.5366406377743671 0.9910378007063826 6.555733267716535 0.7085724694730259 186.72330216535434
0.5566812276094317 0.9910607530575352 6.436761811023622 0.7170195452432947 188.34301181102364
0.5595731117613177 0.9914984421087005 6.180364173228346 0.7290173936458255 181.23486712598424
0.5394337586540231 0.9916169327971196 6.31459153543307 0.7318701955546094 186.05450295275588
0.5380065756886083 0.9909534922746502 6.510457677165355 0.7315187043747311 199.57529527559055
0.5600933491679457 0.9913511669997984 6.217273622047244 0.7272727813043475 178.29010826771653
0.551150048392721 0.9914618725787991 6.237942913385827 0.7316671540255822 185.83686023622047
0.5447772754473672 0.9916369825464594 6.3799212598425195 0.7127611217596043 180.43934547244092
0.5347465081804383 0.991426322225012 6.618602362204725 0.7072096752599158 189.74003444881885
0.5394792918125427 0.9920105374818553 6.062869094488188 0.7362832977100064 175.51796259842519
0.5236242803650542 0.9914323465993028 6.615280511811022 0.7080188620375522 189.76476377952756
0.5516207371667946 0.9904779808482623 6.626476377952756 0.7183040858844761 198.47920767716533
0.5220292271733151 0.9914545909101953 6.513287401574803 0.725209371525074 192.98978838582678
0.5266742466144654 0.9919888432213854 6.333784448818897 0.7062631103598649 172.27116141732284
0.5442042793279569 0.9914765220542499 6.395300196850394 0.723694489462942 186.32578740157481
0.5518556601469394 0.9915815185878781 6.206692913385827 0.7283020833746934 179.51574803149606
0.5378971339517701 0.9916603397623176 6.490649606299213 0.7063048760359367 182.89812992125982
0.48542331300091957 0.9923405639915951 6.6173720472440944 0.6992134599427213 181.30401082677164
0.5095175880542864 0.9925290725174064 6.213951771653543 0.7354033938725044 182.8759842519685
0.5097042240963242 0.9923361947652201 6.3703248031496065 0.7123496290925281 175.64406988188978
0.5005964257433331 0.9915692222976376 6.81988188976378 0.6952466340208371 189.82332677165354
0.5308817751427627 0.9915078385353935 6.463951771653543 0.7206537066908681 188.19660433070862
0.5429322001636816 0.9899495600576945 6.675935039370079 0.7366271333041924 218.35666830708664
0.5414363699035571 0.9900022909395426 6.675935039370079 0.7366651009437447 218.3411663385827
0.5787124851939917 0.9872393245713675 7.048720472440944 0.7394900491191632 247.13250492125982
0.5607635633054979 0.9891274271385317 6.805733267716536 0.729577022275283 222.33895177165357
0.5603122459470431 0.9895125599518378 6.6985728346456686 0.7303836795315931 216.48535925196853
0.5216830671289814 0.9924109480988138 6.098917322834646 0.7210549409977469 167.1274606299213
0.5635322604127371 0.9906237293937312 6.326402559055117 0.7414292116177024 194.37303149606296
0.5104514351098547 0.9916854972277925 6.58759842519685 0.7071642827793407 184.75590551181102
0.49301844519880755 0.9928916510477401 6.409694881889764 0.6966274661782071 165.46493602362204
0.514599730996229 0.9919015795485414 6.409448818897637 0.7192241838555289 180.70903051181102
0.5423721859489435 0.9912398145074638 6.4109251968503935 0.730927556824063 190.15772637795277
0.5239027098960075 0.9918076832463583 6.446358267716535 0.7151435416166412 180.57394192913387
0.5372741060410808 0.9908619917122093 6.615649606299212 0.7241816038672815 197.25479822834646
0.5195356266644253 0.9922569432057528 6.357652559055118 0.7140356992599594 175.56483759842519
0.5227588795173537 0.9921716220251815 6.3576525590551185 0.7131269514979574 175.4734251968504
0.5429851340313037 0.9905060515353793 6.7113681102362195 0.7209556574537085 200.3255413385827
0.5319473500002556 0.9917558904689602 6.414370078740157 0.722073590370707 186.15784940944883
0.5322066715513268 0.9915341482302006 6.469119094488189 0.7230660195102945 189.58304625984252
0.5598527916824848 0.9913383927055148 6.107160433070867 0.7461673097719528 185.3330462598425
0.5368112881148849 0.9912883282478789 6.413139763779528 0.7333879199078915 195.03813976377953
0.5354569373701987 0.9917263970469542 6.427657480314961 0.7199736683460328 186.0625
0.512683050202719 0.991524785834231 6.681840551181102 0.7052847208596866 191.73572834645668
0.5172529935813778 0.9912513267960916 6.537647637795276 0.7285911966569468 199.26500984251967
0.5689916863229556 0.9891876504256673 6.714197834645669 0.7200960501360206 203.03075787401573
0.5287241218611528 0.9917593322804957 6.433439960629921 0.7145416892323381 183.70374015748033
0.5159608640602243 0.9914915956942707 6.682455708661418 0.7031817079547782 190.7175196850394
0.5225859575776989 0.9912639131781955 6.627706692913386 0.7177164790551922 199.02189960629923
0.5297844864798219 0.9912690639626027 6.615157480314961 0.7116054907408702 191.3165600393701
0.565858953914085 0.9892740005621471 6.661294291338583 0.7201570644116236 200.64062500000003
0.5070394772717873 0.9920971911463372 6.463459645669292 0.7064200569626135 177.76673228346456
0.49639030445749355 0.9926646511169357 6.439099409448819 0.6932740941305315 166.02780511811025
0.52503083712106 0.9917142639808265 6.521653543307086 0.716824922109592 184.29367618110234
0.5136851534982897 0.9926393090123575 6.353100393700787 0.6945377149466756 162.40625000000003
0.5119484544201898 0.9923720511742125 6.4140009842519685 0.718025677576398 178.95398622047244
0.5217988177621087 0.9922390655433233 6.414000984251968 0.7107816109086209 176.8134842519685
0.5451836284121696 0.9915225530624636 6.314468503937007 0.7296311343722502 184.8892716535433
0.5536971210263593 0.9900821578427365 6.817175196850393 0.7014069622264322 196.87524606299212
0.5217988177621087 0.9922390655433233 6.414000984251968 0.7107816109086209 176.8134842519685
0.5219994257042346 0.9922386101520821 6.414000984251969 0.7109584781781508 176.8170521653543
0.5419068088016502 0.9908172642971105 6.612327755905513 0.721880818904685 195.8172982283465
0.6613807854074065 0.9934763579316764 4.205462598425197 0.8099477450495951 105.89985236220474
0.6654125736083935 0.9932819676880307 4.213582677165355 0.830716417589388 119.03321850393702
0.658504972754469 0.9940161210807957 4.016117125984252 0.8314214195548615 109.27485236220474
0.6495549000726349 0.9944805381502249 4.009719488188977 0.826762768867848 103.18540846456692
0.640738617438584 0.993550697955536 4.401082677165355 0.8164699924999488 120.40305118110236
0.6484901752060553 0.9941251441204593 4.205462598425197 0.8162781438149307 107.61208169291339
0.6495549000726349 0.9944805381502249 4.009719488188977 0.826762768867848 103.18540846456692
0.6519408038492033 0.9937335023439379 4.21505905511811 0.824326994893836 114.9990157480315
0.6443790080647798 0.9935258321409838 4.401082677165355 0.814922540756393 119.5279281496063
0.6704484288739405 0.9933241798631514 4.147391732283465 0.829969577519309 116.09694881889763
0.6557174374175585 0.9941516898232029 4.016117125984253 0.8280697164615856 108.31926673228347
0.6204292686394526 0.9946242296745166 4.135211614173229 0.8133970407167574 110.03580216535434
0.6547694724374128 0.9944647955946372 4.000615157480315 0.821862810986401 101.55597933070865
0.629161616973465 0.9938982074714842 4.38324311023622 0.8040329749366857 115.72650098425197
0.6566789650120458 0.9932262182846056 4.374630905511811 0.8210109952727158 122.62217027559055
0.6587371877817668 0.9940802082870298 4.007258858267717 0.8300762278898717 108.63176673228347
0.6490832280640221 0.9934146373604642 4.381766732283464 0.8041321563191364 114.90674212598424
0.663676268801492 0.9929319311784136 4.38324311023622 0.805600495062721 115.01390255905513
0.46075223000689713 0.9980546140159874 3.6333661417322833 0.6981140897420193 47.81742125984252
0.4649629308962347 0.9986483277990453 2.409694881889764 0.6889630394070778 22.06742125984252
0.42443611395950426 0.9983214106310284 3.633366141732284 0.6464449630310051 40.07185039370079
0.49621865655413905 0.998476335131661 1.984744094488189 0.7358850053498971 17.596087598425196
0.46805871362271756 0.9980081799562772 3.6146653543307083 0.6913339676251662 46.30671751968504
0.5268972022004252 0.9980962728988141 2.6457923228346454 0.6903726890112732 26.07037401574803
0.4107507792649703 0.9984939819328624 3.614665354330709 0.6206266197565139 34.95915354330708
0.44583062957167435 0.9989247275990734 2.3975147637795273 0.5986553659803683 15.781988188976378
0.6731412665876692 0.9930819730398526 4.204232283464568 0.8283059184426568 117.90686515748033
0.7106199791974306 0.9923292671056066 3.952878937007874 0.8253784064851404 106.56803641732283
0.6943980036146776 0.992428317943504 4.0904281496063 0.8363143252928744 121.40465059055117
0.6926238889509565 0.9928324107527443 3.9641978346456694 0.8439627365563742 118.54343011811024
0.676207992581643 0.9934339079437523 4.003937007874016 0.8389479746174927 113.18663877952756
0.6505772660635674 0.9939906045066549 4.016117125984252 0.8329388763358122 110.14948326771653
0.6533725009758862 0.9931186178309982 4.3922244094488185 0.8111560973846478 119.88730314960631
0.660922958140582 0.9938791946303753 4.014517716535433 0.8341522081848016 110.17199803149606
0.6384404730088439 0.9936842829947752 4.401082677165355 0.8140276026150579 119.48978838582678
0.634561380536448 0.9935302362205015 4.401082677165354 0.8025629314400649 115.79281496062994
0.6169419675802058 0.9941404172594891 4.3922244094488185 0.8252409898207972 124.70607775590551
0.6416043035589519 0.9936647717334907 4.401082677165354 0.8115708376631172 118.57234251968504
0.6315088406118271 0.9939443982052232 4.382135826771654 0.7980025437230406 113.85346948818896
0.6471596095920779 0.9943517789107136 4.015748031496063 0.8228729180586909 106.80204232283465
0.6051389524893415 0.99486555037436 4.198449803149606 0.814516015417235 113.02054625984252
0.6442416389236993 0.9941277746970635 4.1984498031496065 0.8180382578346106 112.36626476377953
0.6367075461069713 0.9944808641553424 4.196481299212598 0.8140663371668084 106.79872047244095
0.47550493034472646 0.9980298241627362 3.633366141732283 0.703054147126269 47.52399114173228
0.45239541846209597 0.9986034378433387 2.6769192913385824 0.6839726009878861 26.266732283464563
0.6316541310594188 0.9941632667240891 4.340920275590552 0.8010064321361055 113.22502460629923
0.6546148778413736 0.9940305655792127 4.007135826771654 0.8296593679769152 108.36589566929135
0.6523829622466508 0.9933591191013327 4.204232283464567 0.8311327484533604 118.87561515748033
0.6452279631155919 0.9938330565650874 4.200418307086614 0.8223454827884459 113.92790354330708
0.6491612294376327 0.9938238674688373 4.200418307086614 0.8250754535767234 114.83575295275591
0.6426704676246684 0.9942246696352959 4.205462598425197 0.8194070172340517 108.47465551181104
0.6388785765846126 0.993742274154168 4.401082677165354 0.8108387383630702 118.53887795275591
0.6345265887032797 0.9938103109266689 4.399483267716535 0.8055504259743775 116.66289370078741
0.637332659856242 0.9944201524804955 4.205462598425196 0.815982942977918 107.60519192913385
0.6388785765846126 0.993742274154168 4.401082677165354 0.8108387383630702 118.53887795275591
0.6387116812801071 0.9937679371247876 4.4140009842519685 0.8006723513557763 117.24987696850394
0.6450756458253362 0.9936895186479341 4.404773622047244 0.804167671823824 118.08280019685039
0.5616578538019823 0.9972659181004481 3.6146653543307083 0.7573447857362355 59.86122047244095
0.465849584783543 0.9987389851170845 2.6743356299212597 0.608921284164793 20.90182086614173
0.4570056384205241 0.9979564426533425 3.765501968503937 0.6782068767339072 48.84904035433071
0.44583062957167435 0.9989247275990734 2.3975147637795273 0.5986553659803683 15.781988188976378
0.6518187064686313 0.9941074824987141 4.007135826771654 0.8292995662341845 108.35039370078741
0.6609901447617755 0.9938855896596075 4.007135826771654 0.8345621746101461 110.05327263779527
0.6482480842489297 0.9941225454066579 4.016117125984252 0.8304964864509216 109.23622047244095
0.6424071512152473 0.993133062970392 4.4140009842519685 0.823429687813317 125.00762795275591
0.6357328603574939 0.9935514162349129 4.4045275590551185 0.8157776846970018 121.96493602362206
0.6435172074964485 0.9934098372458152 4.401082677165355 0.8198216955932247 121.35863681102363
0.6426704676246684 0.9942246696352959 4.205462598425197 0.8194070172340517 108.47465551181104
0.6519408038492033 0.9937335023439379 4.21505905511811 0.824326994893836 114.9990157480315
0.6416043035589519 0.9936647717334907 4.401082677165354 0.8115708376631172 118.57234251968504
0.6494281645617098 0.9935149492543438 4.380167322834645 0.8105623437198015 117.45091043307087
0.6433721374523035 0.9937127000024513 4.382135826771653 0.8023647606149195 114.86245078740157
0.6563603304178904 0.993158717406653 4.386441929133858 0.8227624742608787 123.70706200787401
0.6602448698069088 0.9935115487894193 4.207062007874016 0.8288744339422314 118.1765501968504
0.6602448698069088 0.9935115487894193 4.207062007874016 0.8288744339422314 118.1765501968504
0.6471823204120878 0.9942996160583036 4.015748031496063 0.8250724449180362 107.65563484251969
0.6094731217035207 0.9948300708874247 4.1984498031496065 0.8113010597445395 112.10248523622047
0.6304196286118209 0.9939573590877586 4.38324311023622 0.8062510457012566 116.57738681102362
0.6310101506819333 0.9943887982246724 4.1984498031496065 0.8089188335815483 110.34830216535433
0.6601939951364111 0.993632434221985 4.204109251968505 0.8234096690803832 116.25971948818896
0.46343711765311496 0.9980763594584303 3.614665354330709 0.7033223952479725 47.207554133858274
0.5416653773246127 0.9977088652980264 2.6717519685039366 0.7255564719465372 30.58095472440945
0.5734580980150892 0.996917063837572 3.614665354330709 0.786976608102742 66.96592027559055
0.6592188349936834 0.9933173196109444 4.350270669291339 0.815793237771157 120.00971948818899
0.6426797473976759 0.9937534210963599 4.200418307086614 0.8139854682383718 111.09953248031496
0.6425001753082669 0.9945590773597658 4.009719488188976 0.8236491348727258 102.34239665354332
0.6520344990821333 0.9936906475299022 4.200418307086615 0.8278780724732964 115.62340059055119
0.645777093141907 0.9942044203588178 4.205462598425196 0.8159624266386121 107.58784448818898
0.6426704676246684 0.9942246696352959 4.205462598425197 0.8194070172340517 108.47465551181104
0.6529777300890544 0.9942259197377752 4.016117125984252 0.8273376171615385 108.28580216535433
0.6654555202870124 0.9932411139850208 4.191560039370079 0.8344546651503619 119.6013779527559
0.6654555202870124 0.9932411139850208 4.191560039370079 0.8344546651503619 119.6013779527559
0.6659087595010897 0.9935586018982763 4.134965551181102 0.8215479102895763 113.01181102362203
0.65105481314356 0.9940495204217548 4.014517716535433 0.830434887186684 109.20964566929135
0.6603636786486253 0.9946173636261388 3.808439960629921 0.8379975793829976 98.65022145669292
0.6609901447617755 0.9938855896596075 4.007135826771654 0.8345621746101461 110.05327263779527
0.6495549000726349 0.9944805381502249 4.009719488188977 0.826762768867848 103.18540846456692
0.6557174374175585 0.9941516898232029 4.016117125984253 0.8280697164615856 108.31926673228347
0.665838460279646 0.9929698368855434 4.326771653543307 0.8050830338361814 112.98818897637796
0.6602879634782811 0.9940718103909147 3.9523868110236218 0.8266643259559342 105.6213090551181
0.5115190362785377 0.981395586505828 10.274114173228346 0.6949351005953532 426.90637303149606
0.5065560877957206 0.9795570221227557 10.661048228346456 0.6936646475446502 460.5073818897638
0.49810758711494973 0.9812200633824356 10.493233267716537 0.6905814463118173 437.30241141732284
0.5027311420434657 0.9802539722363124 10.456077755905511 0.6918295803200987 445.472563976378
0.5072996781355136 0.9801505845508658 10.494217519685037 0.6943002387867938 450.5330954724409
0.4967203037047216 0.9792718515362147 10.794906496062993 0.6782100552658353 457.23388287401576
0.5134047207571895 0.9795216874800367 10.47859251968504 0.6861381559672408 444.6082677165354
0.4927971862265662 0.9790893814081326 10.961491141732285 0.674422748011092 466.61934055118115
0.5069360851116348 0.9823337733440165 10.247047244094489 0.6897308589187545 415.2250246062992
0.4678829724566703 0.9833629176578307 10.619463582677167 0.6638457844512973 404.2545521653543
0.4885061801733851 0.9840643374941184 10.069389763779526 0.6706333148750285 377.35063976377944
0.5258768698965407 0.9796479035972316 10.670890748031496 0.6805014243342302 433.1876230314961
0.46000105044969564 0.9831083163942299 10.798228346456693 0.6524666724480478 407.915969488189
0.4549146008005691 0.9834111966923464 10.774114173228346 0.6444504469868664 399.5559793307086
0.46450011392583956 0.9849016455548171 10.216535433070867 0.660884676769345 369.1061761811024
0.4600321537010781 0.9844302909476406 10.41941437007874 0.6576028722867008 378.785187007874
0.4695864894268562 0.982544542290461 10.812869094488189 0.6460555006332656 404.32025098425197
0.4812730063650115 0.9820939280307118 10.801673228346456 0.6528470859377964 407.2392962598425
0.47305966210276107 0.9824637162360575 10.816560039370078 0.6480099088570155 406.3299704724409
0.49969571173189914 0.9822969041764537 10.253198818897639 0.6716484372081046 401.5910433070866
0.4991708176355544 0.9846064641491615 9.687992125984252 0.6892525232408345 366.7545521653543
0.4716565125365801 0.9836473538898443 10.43380905511811 0.6634210891259664 393.691437007874
0.4928168670984127 0.9843789071350671 9.92064468503937 0.6786262586774188 372.8633120078741
0.46816620560868755 0.9818240206512191 11.015009842519683 0.6349877903122305 410.7337598425196
0.4896850374288558 0.9815338282144669 10.649360236220472 0.6627679491256953 418.6877460629921
0.47001949338390964 0.982370397827054 10.81323818897638 0.6660958846636758 424.9665354330709
0.4614962666495109 0.9845047242818749 10.234990157480315 0.6633368554515984 381.97133366141736
0.47682422540147334 0.9835568548095817 10.48068405511811 0.652864614324148 379.82344980314963
0.48296102711268396 0.9837175034180479 10.230807086614174 0.6802438908157928 399.6985728346457
0.47815285175674926 0.984491145497319 10.021407480314961 0.6747977317546904 379.51673228346453
0.46628898864848417 0.9848830394222023 10.220718503937007 0.6592452903488615 367.9986466535433
0.4754116982606892 0.9830526020791919 10.575910433070868 0.657908587770501 399.3756151574803
0.4697855982164074 0.9819513233910189 11.019438976377952 0.6440495947390763 416.1376722440945
0.4822635892352253 0.9844444259876162 10.033587598425196 0.6767940780889115 378.9007135826772
0.4839996585113188 0.9841697732911416 9.905265748031496 0.6754861510439057 379.51242618110234
0.46931611162878895 0.9822691665032844 10.82197342519685 0.6639651120858876 423.71604330708664
0.4882339949001068 0.9814603355655097 10.648252952755907 0.6607459640482598 417.2472933070866
0.46620181147674183 0.9826831253205677 10.58956692913386 0.6576916863792093 410.7621801181102
0.48252126944623286 0.9824032784533521 10.40748031496063 0.6755409516818154 419.5471210629921
0.49531352666206974 0.982633199636656 10.112081692913385 0.6809534365175399 405.611466535433
0.5170803892844315 0.9798642430831934 10.524729330708663 0.6842522862346203 435.8890255905511
0.5308571326713467 0.9772989923772478 10.710260826771655 0.6857569863999771 458.40095964566933
0.4884908264740592 0.9811424841842943 10.49717027559055 0.6944094321788982 451.8400590551181
0.506645209549252 0.9784008291091171 10.915600393700787 0.678957747514368 466.8138533464567
0.5087474127711861 0.9796264481536345 10.535925196850394 0.6878993699396252 448.7790354330708
0.5077374497126732 0.9811836012023386 10.111835629921261 0.7077943642428789 436.43159448818903
0.5100974553489905 0.9812343108025535 10.394562007874017 0.6833907729500679 426.080093503937
0.5125167186727078 0.9803371094361863 10.64148622047244 0.6777390964395356 436.4940944881889
0.5126647594024027 0.9809819691488421 10.562992125984252 0.6794776015516611 432.45287893700794
0.4716459699542239 0.983406404591907 10.445004921259843 0.658928210649945 391.62979822834643
0.4859379969912945 0.9840536527997049 10.06053149606299 0.6746688651877295 379.3804133858267
0.495408207570399 0.981758264595796 10.651574803149606 0.6474988314496465 396.62401574803147
0.49541971869164103 0.9823230599139838 10.600024606299211 0.6629838219141426 402.0461368110236
0.47315003854209575 0.9836803669751601 10.433562992125985 0.6662601415736444 395.36860236220474
0.4614076918716625 0.9849733604579607 10.211245078740157 0.6613171561544811 369.11897145669286
0.46077197378817963 0.9843929812832601 10.424950787401574 0.6575696308075494 378.7239173228346
0.4846989157795536 0.9827467621215941 10.531003937007874 0.6567492029720989 395.61454232283467
0.5055714781371872 0.9823216630338397 10.359867125984252 0.6649668370109101 391.0577017716535
0.5041799635457215 0.982310355677733 10.404281496062993 0.6841187089016669 407.78506397637796
0.49024264381663557 0.9833629452745374 10.129429133858267 0.680904309240697 394.5524114173229
0.48202219510678007 0.9839546354152017 10.24298720472441 0.66514825619378 383.2233021653543
0.48868505936371237 0.9829851782675082 10.285556102362204 0.6699895614322176 399.7509842519685
0.4935005563292882 0.9804848993875512 10.97121062992126 0.6551972410925859 424.54995078740154
0.4915161545146981 0.9813763087797758 10.990895669291337 0.6512108946237416 416.78949311023626
0.48768865650171866 0.9806797787659766 11.19820374015748 0.6379222434730557 420.5701279527559
0.4786307875921812 0.9821984232318709 10.881397637795276 0.6340400285417366 391.9661663385827
0.4753386932288022 0.9822200468258405 10.980930118110233 0.6177278172582861 382.2664862204725
0.49915407104385257 0.9797461724117457 11.251968503937007 0.6291747415643322 410.0346948818898
0.4822053944499823 0.9828072144362833 10.632750984251969 0.6491168268097854 386.497908464567
0.47456006351283353 0.9837786226164598 10.404527559055119 0.6542321933387087 376.09633366141725
0.47544308275945335 0.9834838566703611 10.492372047244093 0.6505407247818016 378.62819881889766
0.495170905833688 0.9817599023382153 10.424704724409448 0.6745488861487847 424.38853346456693
0.4969616780690063 0.9827392789564271 10.400221456692913 0.681496434421847 406.1646161417323
0.4908391609721255 0.9824717835669947 10.532603346456693 0.6572752014378437 395.7041092519686
0.47376996236176366 0.9838473410619779 10.416707677165354 0.6621037891529056 391.3598671259843
0.49704811962725964 0.982757838681761 10.30954724409449 0.6866274390915895 403.701033464567
0.47870065816232843 0.9839256730366818 10.302042322834644 0.6612114403477163 384.7699311023622
0.49204682249634013 0.9826611383333232 10.28125 0.6754699280926038 397.91547736220474
0.5204338153462335 0.9800971376345926 10.53654035433071 0.6610742387269101 407.292937992126
0.5028764197231042 0.9804444100070634 10.794906496062993 0.666342399189112 421.74630905511816
0.4867085320866456 0.9810240801534158 10.839566929133857 0.662889675131417 435.7086614173228
0.5078286890772091 0.9807446319048454 10.525221456692915 0.6601748989345312 407.6311515748032
0.5176678526686526 0.9788330679657188 10.843626968503937 0.6574627032378411 424.33858267716533
0.5057795174947745 0.9806909369467376 10.568405511811022 0.6876456044447736 439.52509842519686
0.49776659484693186 0.9809532341622326 10.592642716535433 0.6884917247357548 442.40132874015757
0.4965575948902473 0.9814315432581414 10.426181102362204 0.6943109143937887 436.48683562992125
0.5222052465904197 0.9804678708526503 10.294045275590552 0.6897827914465522 426.1008858267717
0.5213131079524035 0.97885888033067 10.608021653543306 0.692526243728078 455.509719488189
0.5118811408568568 0.9786334124864167 10.723671259842519 0.6852510551607893 459.5521653543308
0.505276529199907 0.9802760539649671 10.491264763779526 0.6952367930905365 450.7525836614173
0.5082858537679943 0.9789527695964654 10.725270669291339 0.6838482700260728 458.45509350393695
0.5116121604712425 0.9805454770197302 10.30302657480315 0.703591970595939 445.36626476377955
0.5104926223702919 0.9816664455076778 10.11355807086614 0.6892804518871708 413.5045521653543
0.5234328839489589 0.9783571396944394 10.753937007874017 0.6790361069972891 454.8293553149606
0.5114475005923578 0.9795437422304017 10.739419291338582 0.6716143558593828 440.3799212598425
0.5175761397401584 0.9804245204390536 10.64025590551181 0.6847611065143929 441.8705708661417
0.49428854788875876 0.9836900720108743 10.10076279527559 0.6752906147518319 381.6735974409449
0.489320567007937 0.9806080384247452 11.152682086614174 0.6387414338593409 420.28973917322844
0.49426689673784396 0.9823776412938083 10.60765255905512 0.6636810006777223 402.4399606299213
0.46948055586749976 0.9828686161661083 10.767347440944881 0.6526184739011338 406.0391240157481
0.5400212488529458 0.988451381433552 7.95189468503937 0.6875370229017027 243.21850393700788
0.5345940564804182 0.9879015027563622 8.222687007874017 0.6883654960574336 265.03248031496065
0.5661705395186708 0.985592351860454 8.364419291338582 0.6870217802922983 268.44832677165357
0.5300760643367632 0.9889169257513472 8.017962598425196 0.6849011249614857 244.7041092519685
0.5250330642500196 0.9884815160824989 8.178764763779528 0.6774002950503575 250.55696358267716
0.5054594082327529 0.9891891946698802 8.220349409448819 0.6774297365336783 252.74840059055117
0.5051771059312125 0.9892726618831422 8.269931102362204 0.6441031957087595 226.02546751968504
0.5085836929980115 0.9895519050739692 7.985482283464567 0.6723327039694564 232.80302657480314
0.5689058061339723 0.9875508831537689 7.825172244094488 0.686340128610011 237.23056102362204
0.5533260938615908 0.9851733224902606 8.498400590551181 0.6890639050756042 284.48474409448824
0.5303700148233945 0.9881839241649518 8.019685039370078 0.6958535057962117 258.6844242125984
0.5235059551988774 0.9880495846823688 8.193159448818898 0.6846730349086985 264.5803395669291
0.5132862957056583 0.989416615428646 8.004306102362204 0.666644051000751 231.90292814960634
0.5482001832274701 0.9878822684469162 8.029773622047244 0.6714188849560472 235.681594488189
0.48725830696114714 0.9905063144067302 8.031865157480315 0.6529848476370936 218.49643208661416
0.5193842985014705 0.9898493757055424 7.828740157480315 0.678426026619934 228.54502952755908
0.5200156978293078 0.9887635823975621 8.198326771653543 0.6740245241413674 248.7468011811023
0.5357460425374314 0.9887901434732299 7.9197834645669305 0.6875634973334084 243.18159448818898
0.5323286573289234 0.9888966287387573 7.966043307086615 0.6688006632911594 231.74421751968507
0.5266718036876294 0.9889527446704521 7.943897637795276 0.6558921224820655 217.06963582677167
0.5329039555441297 0.9889950670440356 7.75492125984252 0.6646317317997916 212.14530019685037
0.5529049805890511 0.9874005115504185 8.046875 0.6743296768123194 241.91400098425194
0.5381226547038311 0.9883576540819068 8.018823818897637 0.6911201686620688 256.51673228346453
0.5507526667820564 0.9868968299769303 8.213459645669293 0.7140315667539053 279.10839074803147
0.5333469277897216 0.9882456136419819 8.018823818897637 0.6950691745628401 258.62733759842513
0.5140031216466303 0.9891255450165766 7.982406496062992 0.6888846898119544 252.88804133858264
0.5356682618214097 0.9881948937880478 8.139394685039369 0.6792257133202505 248.48425196850397
0.5514600496331287 0.9872708389291558 8.218996062992126 0.6602850883377993 239.82947834645668
0.4918543480154586 0.98940381889555 8.168799212598426 0.6704185822305232 246.93270177165357
0.5015160612843547 0.989737973589573 8.02755905511811 0.6705532788419739 233.68639271653547
0.5078741871218161 0.9895617660472174 8.021653543307087 0.6565013631550374 219.93196358267718
0.5705133247394687 0.9863198570723144 8.0066437007874 0.685059102228606 252.74409448818898
0.5216108577562505 0.9874543695686379 8.41572342519685 0.6735124853648318 265.8176673228346
0.4955413062406925 0.9895603802032356 8.22896161417323 0.6625539761525262 240.15415846456696
0.5376401981390351 0.9881720494885005 8.150590551181102 0.6766461992309368 247.53075787401573
0.5087859488524825 0.9889924063164027 8.133612204724411 0.672089210067251 238.14308562992125
0.5597165964248189 0.9881817779465877 7.73068405511811 0.6943720429584754 236.74163385826768
0.5187005685362012 0.988200582379168 8.2064468503937 0.6807948368039289 258.5017224409449
0.5325112140724819 0.9882244171732807 8.031496062992126 0.6943838577608945 259.1397637795275
0.5598512302926194 0.986705879185865 8.21345964566929 0.7119145008640161 278.0803395669291
0.5574016642329973 0.9873464765650849 8.007012795275589 0.7018537702413562 258.875
0.49758847833583514 0.9888986824908503 8.359375 0.6496624652276612 239.98019192913387
0.5045961889690883 0.9880955525121037 8.610728346456693 0.6651375454045498 266.0415846456692
0.4964582015348112 0.9899349409320547 8.033218503937007 0.671400094304615 234.84362696850397
0.4922299195118259 0.9903420169349608 7.968873031496064 0.6541447285111006 216.5087352362205
0.5764526689052077 0.9874964619959876 7.643823818897637 0.6945539407222032 231.52374507874015
0.5116246309761475 0.9884636229611905 8.42310531496063 0.6666869111388437 256.90871062992125
0.5151047599493409 0.9887825717703123 8.220349409448819 0.6819699944933644 254.27411417322836
0.5175167753760868 0.9887404467949523 8.172367125984252 0.6591474929164545 237.38152066929132
0.5145800743094522 0.988359972319199 8.420398622047244 0.6738977568222713 259.90329724409446
0.4891492619913244 0.9893594101191299 8.182455708661417 0.6583079530510124 234.06692913385825
0.5297253401280058 0.98834293572155 8.058439960629922 0.6753719602798434 244.15477362204723
0.5260922223778295 0.9888626956726863 8.025344488188978 0.6882889790143023 248.30105807086616
0.5501528852357945 0.9872397447186972 8.198203740157481 0.692553463756459 263.6491141732283
0.5580768061228272 0.9873439662083139 8.022268700787402 0.7172131317784267 270.8815206692913
0.5416551354461443 0.9885376329824559 7.840305118110236 0.702925836495838 253.14505413385825
0.511817145585358 0.988402794840984 8.390501968503937 0.6658530641398067 254.15145177165357
0.515193666264623 0.9887082160581538 8.197096456692911 0.6737710889922216 248.61946358267716
0.5223098908035916 0.9889189941973338 8.127214566929135 0.6725544407671229 238.01254921259846
0.5048698666953003 0.9894659018560119 8.033218503937007 0.6824555851098386 246.29466043307087
0.4761753620869177 0.9906884024154213 8.019192913385826 0.6512819540838687 217.35752952755908
0.5535159251198841 0.9880675040753353 7.886195866141732 0.6823856496777284 237.40083661417322
0.5442753406377796 0.9879613482790858 8.111958661417322 0.6779835926607587 246.6066683070866
0.5223414277706769 0.9887220136235803 7.840305118110237 0.7031596719008797 253.17101377952756
0.4979896201315926 0.9893955970418042 8.22896161417323 0.6681793333407925 242.2718996062992
0.5021415097807849 0.9894927132734941 8.233267716535433 0.6755100269906914 241.5226377952756
0.485952271062078 0.9905601878568215 8.019315944881889 0.6540769713555188 218.32923228346456
0.5582523257273455 0.9879432027588743 7.884104330708662 0.6833867579202132 238.99544783464563
0.5473693590193256 0.9873534863777472 8.142962598425196 0.6811119737230105 256.4253198818898
0.4944437836691609 0.9895177134303109 8.211491141732283 0.6619973186006148 238.81779035433073
0.49608232984694334 0.9899348899605197 8.033218503937007 0.6710728329119863 234.84694881889766
0.5472685176866776 0.9877854591798313 8.101500984251969 0.6821596831132264 247.73757381889763
0.5712625221686372 0.9862720661984608 7.9251968503937 0.7004675623631289 255.66867618110234
0.5771290506101957 0.9861720243210289 7.983390748031495 0.6990843291040699 256.04675196850394
0.5692755999481204 0.9864057603995303 7.986712598425196 0.6956755148331076 254.7431102362205
0.5848173949522932 0.9845814596451329 8.35691437007874 0.6928664895083075 271.091781496063
0.5433794630947205 0.9884743772928705 7.840305118110235 0.7028787990182177 253.138779527559
0.5275775826819 0.9894379085183157 7.78248031496063 0.6905283549399499 236.1703986220473
0.4963611364304433 0.988936339841883 8.412893700787402 0.6542923768815816 245.30880905511808
0.4786347881512737 0.9904385055967097 8.033218503937007 0.6799161056270135 236.07480314960628
0.5004881035519188 0.9903139713070799 7.931348425196851 0.6571399018851192 215.97736220472444
0.5590174885380057 0.9879380731892643 7.911417322834645 0.6864888039368411 241.87376968503938
0.558511114597638 0.9865906109742383 8.191313976377954 0.7024403154865342 273.42655019685037
0.5057843582551322 0.988257825822455 8.385211614173226 0.66955044183803 256.9613681102362
0.49627947055981053 0.9895591465473987 8.228961614173228 0.6635072031409293 240.18430118110237
0.5476027957430573 0.9878167249452696 8.123646653543307 0.6628701561715445 234.19475885826773
0.5287419787876257 0.9885005615887946 8.171259842519685 0.6811155718251181 251.48523622047244
0.5562488579056023 0.9878029931911616 7.9141240157480315 0.6883609252670314 242.90871062992125
0.5859544238519392 0.9858968593572396 7.981176181102361 0.700309136241094 255.857406496063
0.5847545932817886 0.984882480731047 8.159817913385826 0.699806669256393 271.82455708661416
0.5400086632750184 0.9877442627164494 8.09904035433071 0.6754767466202332 245.95460137795277
0.534691406932282 0.9871223719974664 8.509719488188976 0.6637339457456167 258.7621801181103
0.5295834190969634 0.9878626413395365 8.279281496062993 0.6673929936110502 249.7281003937008
0.5122290490901574 0.9892690234775241 8.033218503937007 0.6852701804867748 245.89788385826773
0.5059101643668765 0.9896495447015915 8.080954724409448 0.6556107676781651 222.06299212598424
0.5136506170392968 0.9885375973341602 8.331077755905511 0.6613639339349717 243.47293307086613
0.5051114072287097 0.9897721180153269 8.031865157480315 0.6864970229392559 237.11921751968507
0.5169361679464494 0.9896740617530222 7.840305118110236 0.679963870262438 229.7267470472441
0.5147856418542531 0.9893739433504832 7.987942913385827 0.6664905524319578 231.4002214566929
0.5353717353607059 0.9879039584978708 8.28617125984252 0.6548609395368011 239.29712106299212
0.567453083879577 0.9887596221551835 6.821358267716536 0.7285941900592172 218.5009842519685
0.5640126501429913 0.9889947156023554 6.8606053149606305 0.7267800046990514 219.50824311023624
0.5649301190546719 0.9889709239840316 6.82320374015748 0.7223019177533818 216.35260826771653
0.5628118315069764 0.989138896736107 6.865157480314961 0.7259174435743927 218.2936761811024
0.5581947992895343 0.989273127890404 6.865895669291338 0.7203248832513787 211.1802411417323
0.5625357485015111 0.9887438059099801 6.825910433070866 0.723344844374564 220.27263779527559
0.5762906315436571 0.9881240058163556 6.784079724409449 0.737087243142964 228.00713582677164
0.567618497442895 0.9887957573394429 6.829109251968504 0.7202544517640895 216.61737204724412
0.567558266562994 0.9888664627207692 6.684916338582677 0.7423962462632878 225.87241633858264
0.5871409684748731 0.9880538115454982 6.81705216535433 0.7214977646983085 214.8972687007874
0.5650340970782614 0.9891212561398217 6.816683070866141 0.7225942911364556 209.513656496063
0.5851865621937777 0.9877696986496267 6.828494094488189 0.7340082711017513 227.73351377952756
0.5705127211405561 0.9883546342439143 6.869586614173229 0.7331755126069314 230.79958169291336
0.5691526900475119 0.9884327375981856 6.868725393700786 0.7345554559464713 230.8095472440945
0.5648559617365126 0.988900877705488 6.866387795275591 0.7205984231769895 217.50688976377953
0.5686421450608624 0.9887439698559044 6.816929133858268 0.7250578983091991 217.40871062992127
0.5706193426198001 0.9884300094421177 6.82443405511811 0.7350016143688084 229.5017224409449
0.5731789101789995 0.9888478079879223 6.822834645669291 0.7203373925153732 216.3131151574803
0.5888440289231172 0.9883689774050303 6.687007874015748 0.7435785843725523 226.46911909448815
0.5883284261669367 0.9890185665257709 6.694512795275591 0.7278583274074105 211.81951279527556
0.5606788660462927 0.9892041486786457 6.824064960629921 0.7198612976307129 214.9900344488189
0.5672128189543626 0.9889968116623353 6.774114173228346 0.7330358374345641 218.14505413385825
0.5726942692447791 0.98871716761537 6.81286909448819 0.7210441995992714 214.99040354330708
0.5731106799666023 0.9887929121380057 6.768577755905512 0.7234975034573363 213.74323326771656
0.5671686048859415 0.9890386245736049 6.819143700787401 0.7195089717041334 213.80893208661416
0.5657359973766198 0.9887175987341323 6.823449803149606 0.7316257277375835 226.03567913385825
0.5650816524082639 0.9891965105844827 6.6827017716535435 0.7303104985518318 213.84571850393698
0.5647719586077662 0.9888109821458448 6.875984251968504 0.7161316765268568 217.75701279527559
0.5524227202121282 0.9890786932702916 6.877337598425196 0.7318933516429579 230.49397145669295
0.559085854832608 0.9892020675669868 6.823695866141733 0.7230339053735805 216.29539862204726
0.5588261267640762 0.9892649963128275 6.867002952755905 0.7165948495623934 215.25369094488192
0.569705675414785 0.9888874184867512 6.774852362204724 0.7262836152437987 215.00578248031493
0.5632971888677878 0.9890551911252832 6.8670029527559056 0.7192664541432028 216.21370570866142
0.5731719713248142 0.9883781908243199 6.823449803149606 0.7326431904535591 226.53075787401573
0.5706485413324281 0.9887947252205872 6.778174212598425 0.7241453204671213 215.19328248031493
0.5728446339639782 0.9881591047282602 6.872170275590551 0.7336146819822221 230.19303641732284
0.5627370991590245 0.9891135851113858 6.828740157480314 0.7201756238342171 215.2645177165354
0.5625114096293264 0.9890556775882277 6.8264025590551185 0.7209048859664492 216.24397145669292
0.5638832780467371 0.988065047193868 7.020792322834646 0.7290027146780629 236.27202263779526
0.5609548105744477 0.9891325973834414 6.871924212598425 0.7213904104967981 218.476500984252
0.5902897582050783 0.9888040468754826 6.679133858267717 0.7277380635147181 211.55499507874018
0.5765614867475912 0.9882199223107719 6.8203740157480315 0.7314551320799505 226.35691437007875
0.5768716210925015 0.9880310164093394 6.735113188976378 0.7480209462978394 230.81643700787401
0.5656234510652233 0.9890682110835938 6.82443405511811 0.728655335689966 218.20201771653544
0.5734846249417859 0.9886608607573368 6.803272637795275 0.7241060915745691 215.89025590551182
0.5604865051282412 0.9889547002687165 6.736589566929133 0.7408509840080135 227.9787155511811
0.5628233558392459 0.9889905462016569 6.86884842519685 0.7238411550421688 219.60248523622047
0.5619558094583382 0.9893247755346883 6.785679133858268 0.7254550013553246 215.19156003937007
0.5550836224440221 0.9897471896301392 6.682701771653543 0.7320888798391914 213.64972933070865
0.5556345232403023 0.9893808186849546 6.688484251968504 0.7377327275718518 222.82947834645668
0.5634125775341859 0.9888985770374074 6.874138779527559 0.7178388767755105 217.611343503937
0.5631546702516183 0.9886578618222671 6.874999999999999 0.732458843528575 230.80339566929132
0.5717281432304733 0.9882035408820532 6.873523622047244 0.7321042799689241 228.31114665354335
0.5763176584440889 0.9882108233199589 6.821727362204724 0.7316579693338953 226.51181102362204
0.5659846116446695 0.9888115403374712 6.873646653543307 0.7184990653406821 217.7103838582677
0.5642734312522729 0.9889648651960586 6.865157480314961 0.7188944481318396 216.4776082677165
0.5687118096647742 0.9888820595940747 6.815206692913386 0.7214523064178816 215.11589566929132
0.5682063230042476 0.9888348161895004 6.824187992125983 0.7296178077777591 219.5613927165354
0.5691950014922056 0.9889117284072257 6.8201279527559056 0.7288517564050327 218.2193651574803
0.5735521376933617 0.9882630530802429 6.86884842519685 0.7320974729733387 228.36589566929135
0.5672264621048908 0.9886801613267283 6.785679133858268 0.7328887743017354 225.48732775590554
0.5574982494342633 0.9891280629998249 6.87746062992126 0.7169944467703581 217.64136318897638
0.5861632306163693 0.9885813547747678 6.687007874015748 0.7395370207846319 224.4269192913386
0.5724026305848713 0.9887472618323148 6.861958661417323 0.725569518860386 218.24347933070865
0.5718974748680018 0.988745117615296 6.859498031496063 0.721057669938109 215.86417322834646
0.5831521860759263 0.9877904278504466 6.828617125984253 0.7364194145088195 228.93626968503935
0.5678196985170266 0.9888050502054959 6.824680118110237 0.7210418353928556 216.42372047244095
0.5855214250863341 0.9877356436761033 6.822834645669292 0.7315666275134741 226.8207431102362
0.5804678985602989 0.9888114405650253 6.78248031496063 0.7176705266687252 213.38090551181102
0.561654262686427 0.9889781748219764 6.8702017716535435 0.7184630542146231 217.5968257874016
0.5688441815044505 0.9884008788438382 6.8700787401574805 0.7312336974820737 228.88877952755905
0.5745097359786007 0.988559252016828 6.809793307086614 0.7228392387868869 216.0990403543307
0.5720588514755167 0.9882523376844642 6.8294783464566935 0.7307418944186832 226.14837598425197
0.5645628076923905 0.9890478891961938 6.825049212598425 0.7196742302657252 215.02374507874018
0.5857322145657343 0.9889373622154506 6.698818897637795 0.7224157232503279 209.96370570866142
0.5759499221726557 0.9890665689454542 6.824680118110235 0.7205459778845771 215.25295275590554
0.5701303090404786 0.9887289188981485 6.826402559055117 0.7211943558194127 216.25012303149606
0.570760222735195 0.9888650193834746 6.777928149606299 0.7226177921734929 214.02595964566933
0.5707412670150989 0.9887939119713492 6.822219488188976 0.7209798147272993 215.17765748031496
0.5498069566096054 0.9891450025665545 6.8731545275590555 0.7343391712470797 231.5166092519685
0.5683997330295604 0.9888104279186779 6.813853346456693 0.722724811486401 216.3099163385827
0.5712350706062226 0.9885949711635296 6.813976377952756 0.7275652397058987 218.37623031496062
0.5530896470869373 0.9891804992218082 6.827755905511811 0.7321812097863423 226.45066437007875
0.5689447238635871 0.988644231484798 6.827017716535433 0.7317887458921193 227.16941437007878
0.5642223135136406 0.9889037566051228 6.824680118110236 0.723124838635482 217.50812007874015
0.5600126657693749 0.9890618106180039 6.874138779527558 0.7184783630262794 217.4488188976378
0.5612705345547566 0.9886274257107452 7.0204232283464565 0.7148893288677114 224.56483759842519
0.6141774489136258 0.987520879425565 6.68996062992126 0.7368164412853856 221.89480807086613
0.5716131025275093 0.9886299566843834 6.823080708661418 0.7209216792858886 216.5035679133858
0.5744282513434479 0.9880000687677786 6.824434055118109 0.7389198689042967 231.41830708661416
0.5736595333656556 0.98879245774664 6.771653543307086 0.7241889760154501 213.77632874015748
0.57430231936766 0.9885506352840651 6.815206692913385 0.7224156155672095 216.27755905511808
0.5727557571242892 0.988367793032678 6.782603346456692 0.7355982928916264 226.7436023622047
0.5684181010957985 0.9889041061234318 6.86675688976378 0.7240125228355434 218.38521161417322
0.5768901917090751 0.9885443029785478 6.811884842519684 0.7212120774956773 214.89837598425197
0.5923387122014628 0.9874496120639963 6.82320374015748 0.7276171088329575 223.68405511811022
0.6114832818450163 0.9878895675203906 6.634719488188976 0.7356153108588481 215.3673720472441
0.5714862125052599 0.9887076077473484 6.824434055118111 0.7181303118185862 215.22810039370077
0.5716455140580867 0.9884878128225846 6.870201771653543 0.7211298901712018 218.80622539370077
0.5670269258515259 0.9887306960047199 6.862204724409448 0.7193576572586011 217.7001722440945
0.5325704276222584 0.9942399379618583 5.220595472440945 0.7500896672393986 127.49360236220473
0.5257188517272358 0.9942858962256194 5.220595472440945 0.7469760332442765 126.65059055118108
0.5067732661427183 0.9946989862929799 5.220595472440945 0.742482005198912 121.63607283464569
0.5537339913833804 0.9935251406773041 5.2205954724409445 0.7533208705425678 132.6628937007874
0.5276458414208393 0.9942734473129495 5.2205954724409445 0.7529891949168598 128.41080216535434
0.5337209746200356 0.9942754460059017 5.2205954724409445 0.7528404214080381 128.37746062992127
0.5611686779338345 0.9935272692660315 5.2205954724409445 0.7497073078437908 126.80794783464569
0.5613435611032636 0.9935817606570485 5.220595472440945 0.7469138524737527 125.91166338582676
0.45730183153463333 0.9981972542991557 3.614665354330708 0.6499287367231467 40.17605807086615
0.5419190779623886 0.9938376167304822 5.5424458661417315 0.7320973483394819 135.13004429133858
0.54101512291872 0.9938437324062025 5.4950787401574805 0.7332336386421616 133.37659940944883
0.5333301758296752 0.994179336468894 5.349778543307087 0.7221553390667215 124.9418061023622
0.5543179720136946 0.9939033360948546 5.108021653543307 0.7565434131795964 129.85150098425197
0.5423513100514246 0.9943610790918949 5.109498031496064 0.748142448200521 123.06360728346456
0.5485095611640404 0.9938084416665592 5.220595472440945 0.7620230866157597 136.41375492125985
0.5310930247480267 0.994321830529788 5.170398622047244 0.7537799387248864 126.74138779527561
0.5632768936561773 0.9934577627381066 5.220226377952756 0.7617827738757844 135.484375
0.5270976717518822 0.9942265409711918 5.220595472440945 0.7563694981236752 129.32111220472441
0.5208548375678246 0.9942016742203911 5.2205954724409445 0.7498619197955946 127.46222933070867
0.5368182246609009 0.9942347406877909 5.218503937007875 0.7535971263552865 128.3640501968504
0.5340561577321684 0.9942747654457739 5.2205954724409445 0.7535451826885242 128.39013287401576
0.531925673694321 0.9943119440023236 5.220595472440945 0.753559294519156 128.4441437007874
0.5531252443772003 0.9937689574914982 5.218134842519685 0.7472480782009127 125.98412893700787
0.5262109584009611 0.9943798579851144 5.1610482283464565 0.7498695236479831 125.72391732283465
0.5302485062143802 0.9941169280128009 5.349532480314961 0.740245641840391 129.99347933070868
0.5456123033538723 0.9937193049538137 5.3516240157480315 0.7532393579733772 138.97994586614175
0.5356152477669341 0.9940124597506854 5.353838582677165 0.7335483237824301 127.8943159448819
0.5524714569923215 0.9935061405217952 5.5452755905511815 0.7465754473411573 144.55573326771653
0.5671339424357148 0.9934469846678267 5.2205954724409445 0.7466028672541618 125.8111466535433
0.5314658453698621 0.9941322538099994 5.2205954724409445 0.7497954051824799 127.02165354330708
0.5466322599281203 0.9936253788952154 5.2205954724409445 0.7586096658672173 135.5302657480315
0.5682517349272265 0.9929211957926227 5.421136811023622 0.7558072718339134 144.29847440944883
0.5577514108753369 0.993247433034529 5.421998031496063 0.7579186559171283 145.26636318897638
0.5523741504010474 0.9929708604546673 5.488435039370079 0.75103595427308 145.84854822834646
0.5674605261252957 0.9923781119685742 5.566806102362205 0.731873550741222 142.0830462598425
0.5628526564335222 0.9936868458523651 5.219734251968504 0.746771202668738 126.11060531496064
0.5302544153108745 0.9942302021506007 5.219734251968505 0.7530988471403333 128.4814222440945
0.545988835832842 0.9939278241617496 5.218503937007873 0.737620256033552 123.46887303149605
0.5394423240355597 0.9941262706241627 5.218503937007874 0.7501663472468444 127.05167322834646
0.518346688346423 0.9943520510917615 5.220595472440945 0.7498451035265721 127.64087106299213
0.5257076441353012 0.9943289163996202 5.218503937007874 0.744233495362121 125.84596456692913
0.535488873145177 0.9939997799319515 5.421998031496063 0.7352812839174376 131.13115157480314
0.5277605352341594 0.9942916904599448 5.2205954724409445 0.7441324020613252 125.7629183070866
0.5181731630443939 0.9942843420680544 5.220595472440945 0.7468075038800499 126.69611220472441
0.5453112399270771 0.9937828251358517 5.3544537401574805 0.7412749152154675 135.4061269685039
0.5105740160006295 0.9943036436142902 5.3516240157480315 0.7391370428659199 136.09030511811022
0.5261912032868605 0.9940772297262931 5.349532480314961 0.7400529000991685 129.9826525590551
0.567685554615003 0.9938538381021961 5.162155511811024 0.7671908642468208 135.3577755905512
0.5241952854294597 0.9941890506845911 5.353838582677166 0.7277950102626375 126.32455708661419
0.5845752947682833 0.99297906051294 5.353346456692913 0.7459376277460438 135.42531988188978
0.543656907496838 0.9941169936459578 5.352854330708661 0.746469935319124 131.4142470472441
0.5303256547060761 0.9937912646751064 5.68380905511811 0.7192486767773493 136.87918307086613
0.5266382122944919 0.9944688676650174 5.159325787401575 0.7446785822418052 123.99040354330708
0.5365647569502986 0.9932428428841995 5.681963582677167 0.735131811715888 147.07468011811025
0.536326424204401 0.9940817550522513 5.419045275590552 0.7368293948496547 131.29256889763778
0.5272644131152683 0.9942712208636446 5.2205954724409445 0.7529806277795066 128.4779773622047
0.545572692300743 0.9938176575900973 5.2177657480314945 0.7607180674813859 135.4484498031496
0.5354785484658838 0.9938228151522207 5.220595472440946 0.7622930928120628 136.18774606299212
0.529782150752763 0.9943229372213406 5.220595472440945 0.7472951856904804 126.71505905511813
0.5179145087042315 0.994307849120795 5.2205954724409445 0.7529954942145329 128.4964320866142
0.5224396416689104 0.9943475325651879 5.220595472440945 0.7529304727570353 128.47391732283467
0.527617540613352 0.9940906927657196 5.2205954724409445 0.7634871926701943 136.3361220472441
0.5178843754641174 0.9943548196900536 5.2205954724409445 0.7494739073114125 127.5691437007874
0.5188871906895192 0.9943536882050803 5.2205954724409445 0.7498599048624031 127.58722933070865
0.5018877881830112 0.9947052804908475 5.2205954724409445 0.7384793838648966 120.74606299212599
0.5185027786234736 0.9977561502118846 3.614665354330709 0.6894030048686248 46.37733759842519
0.5533855556160693 0.9943643463343789 5.164985236220472 0.7534518966753523 126.54441437007875
0.5238532150652753 0.99418705408394 5.362327755905513 0.7393638748379492 130.05597933070865
0.5588256662901879 0.9939040296378827 5.419537401574804 0.7290757312704689 128.91178641732284
0.5644387374676296 0.9936970712789877 5.4202755905511815 0.7424795864451696 132.44340551181102
0.5323027808779434 0.9943118597356116 5.219734251968504 0.7530525760162596 128.4431594488189
0.5320254613200462 0.9941917607602578 5.218503937007874 0.7535815622812211 128.4152312992126
0.5310930247480267 0.994321830529788 5.170398622047244 0.7537799387248864 126.74138779527561
0.5301680917095614 0.994304297854741 5.218503937007874 0.7410178403814675 124.68897637795274
0.5319654259554175 0.9942832003889187 5.2205954724409445 0.7472878975257957 126.69192913385827
0.5257076441353012 0.9943289163996202 5.218503937007874 0.744233495362121 125.84596456692913
0.5282964991431252 0.9940340977314961 5.2205954724409445 0.756348940146633 134.57111220472441
0.5230733430985302 0.9942778138510682 5.220595472440945 0.7498905976075612 127.58501476377953
0.5257076441353012 0.9943289163996202 5.218503937007874 0.744233495362121 125.84596456692913
0.5452016611545127 0.99369830951295 5.217765748031495 0.7480615065795303 130.76008858267716
0.5592797327235229 0.9936918108118145 5.302534448818898 0.7314307882555773 125.08649114173227
0.5299131926945816 0.994503415405486 5.163262795275591 0.7438886736660049 124.06311515748031
0.5450627214456951 0.9937676463026214 5.351747047244095 0.7499426128664062 138.0642224409449
0.5348952942309408 0.9942033487059315 5.305610236220472 0.7424714408928632 129.10273129921262
0.5219128533342574 0.994281147110997 5.352362204724409 0.7394094585660639 129.68233267716536
0.5229052001781668 0.9941083621504258 5.490403543307086 0.7270391873308535 131.64837598425197
0.5502561001293552 0.993455913999831 5.430856299212598 0.7423951202349689 138.78001968503935
0.552507107809983 0.9937521543896919 5.354084645669291 0.7533587651533313 139.06791338582676
0.5318992653961553 0.9938559603151869 5.544045275590551 0.7290890654289438 133.99212598425197
0.5366458206919584 0.9942065032016879 5.218011811023622 0.7564282607290336 128.82160433070865
0.5379642521346051 0.9934335983974171 5.494340551181102 0.7478956114027455 143.53260334645668
0.5729500619486017 0.9928538829224841 5.3452263779527565 0.748838977150895 139.16375492125985
0.5903364905644919 0.9923433762559632 5.345226377952756 0.7487969800762153 139.15551181102364
0.5754052987987169 0.9930241170760887 5.246678149606299 0.7581501709927898 138.125
0.571935964068471 0.9936901879592548 5.061761811023621 0.7683759353878503 131.59215059055117
0.51664894487547 0.9947116597011652 5.152928149606299 0.7389475386033312 118.71345964566929
0.5299927176657262 0.9942323892865796 5.218503937007875 0.7535659062218862 128.43467027559055
0.5383081322301555 0.9942041131943823 5.1703986220472435 0.7628172037249096 128.86835629921262
0.5272131738795504 0.9942259979760232 5.2205954724409445 0.7563934891150074 129.3400590551181
0.5245228337073967 0.9943104523163433 5.2205954724409445 0.753272766369584 128.4613681102362
0.6082868403660227 0.9886838443971837 6.279158464566929 0.7515251963190883 208.72490157480314
0.6175157123387991 0.9891414598579167 6.374999999999999 0.7353154030415029 199.78051181102364
0.6072732637843831 0.9891568408844081 6.311392716535433 0.7341538824928902 196.64419291338584
0.6016128258161815 0.9895745719571701 6.243602362204723 0.738729471900878 194.71087598425194
0.6092216943515324 0.9891650775458717 6.130905511811022 0.7566547086869635 203.10531496062993
0.5915627613992038 0.9894470965290513 6.276082677165354 0.7427843758200878 200.66227854330708
0.6044846787944288 0.989315592770149 6.23154527559055 0.7390857023544617 194.5777559055118
0.5989464877667832 0.9891405853629909 6.283710629921259 0.7476732479929123 206.26365649606296
0.6066145298842359 0.98894569625831 6.168676181102362 0.753291211049383 202.740157480315
0.6120960299333833 0.989314008300448 6.231545275590552 0.7380024655971587 193.75442913385825
0.6031495779405324 0.9895669620640835 6.2764517716535435 0.7343764427549648 193.705093503937
0.6052360165236725 0.9895620157748394 6.179133858267717 0.740081965923004 192.3662647637795
0.5996956080354335 0.9896141649954733 6.273499015748032 0.7446347435530912 198.17322834645665
0.5974782256063743 0.9896812849171207 6.2392962598425195 0.7446031269950035 196.34682578740157
0.5897930768041634 0.9898363132675566 6.3048720472440944 0.7371027285473634 196.2951525590551
0.6044328860468036 0.9893690879062077 6.2328986220472435 0.7385669280837572 193.74360236220474
0.5986736934137132 0.989620778619948 6.227608267716535 0.7413861270644109 194.30339566929132
0.587381553755634 0.989662627463752 6.409079724409448 0.7325754718463192 199.63275098425197
0.5907020292083816 0.9892201460504052 6.415969488188976 0.7449498303339595 211.01722440944883
0.5958525733620194 0.9893113816198736 6.405511811023622 0.7318659226205946 199.59375
0.5928419036701642 0.98974495574845 6.275344488188976 0.7406696461854795 197.5766486220472
0.6157461627163867 0.989807054813914 6.2141978346456686 0.7446848873103066 196.5515501968504
0.594100017803234 0.9899753969700928 6.27546751968504 0.7370410257194427 195.38914862204726
0.5980463200001123 0.9897956198871364 6.238681102362205 0.7434939216739772 196.26624015748033
0.5960363267484305 0.9896790608644468 6.276697834645669 0.735124985098499 194.50086122047242
0.6041784029267225 0.9890825159664498 6.20521653543307 0.7534221401829212 204.8353838582677
0.5973736424066414 0.9895467667756045 6.269069881889763 0.7340176132609924 193.65772637795274
0.5971570511678598 0.989210222505679 6.282726377952756 0.7465920228565069 206.21555118110237
0.5867588167473944 0.9895741094522704 6.281988188976377 0.747035061499346 205.62192421259846
0.58914481362357 0.9898229723026837 6.240772637795275 0.7379028443996614 194.7427411417323
0.6014242199302161 0.9891141179850809 6.409202755905512 0.7493696573133132 213.85433070866142
0.6014273785276771 0.9896912997006286 6.170398622047244 0.7525914681918665 203.48462106299212
0.6169619327160888 0.9892892055331761 6.24052657480315 0.7421631868974756 196.39283956692915
0.5947578003007644 0.9897918555749957 6.244586614173229 0.7393420283609846 195.6701525590551
0.5988591150891975 0.9894615218197752 6.397268700787401 0.7271639798693675 198.44586614173227
0.6044042738625773 0.989017188320283 6.319635826771654 0.7476147620150888 207.77472933070868
0.5939061333610828 0.9899188053095817 6.316560039370078 0.7343391861662492 196.3334153543307
0.6088129205384422 0.989733620196372 6.110851377952756 0.7473368453417372 192.1353346456693
0.5949344562306176 0.9897929212959335 6.275713582677166 0.7398117893552896 197.42913385826773
0.6044838461889563 0.9891105782097612 6.280757874015747 0.7457610398767764 205.1831938976378
0.600977658836465 0.9896280530839365 6.207185039370079 0.7373566298040303 192.0043061023622
0.6029678040301871 0.9895989782007617 6.2705462598425195 0.7437390092060134 198.03272637795277
0.6064824339361654 0.9889672982560308 6.282234251968504 0.7493511836697125 205.4617372047244
0.6080953447446633 0.9891698474228231 6.3982529527559056 0.7356902934071317 200.59756397637798
0.5934161073423283 0.9898631727627181 6.240772637795274 0.7380974304577589 193.71321358267716
0.5871279105398167 0.9899983381598604 6.278174212598426 0.7411111017111272 197.4666584645669
0.5945186150681742 0.9896771728559425 6.270300196850394 0.7385198605977591 195.75516732283464
0.601861295203048 0.9891137420044335 6.2417568897637805 0.7481259697056482 204.4723179133858
0.6010083860381449 0.9890876353356746 6.412032480314959 0.7450244404394424 210.3371062992126
0.5924475631430749 0.9896924074823611 6.410802165354331 0.7356108179417531 200.67839566929135
0.5982010283572008 0.9890395612360058 6.376353346456693 0.7445366590800724 208.42027559055117
0.5981845553676424 0.9891042263384661 6.413877952755905 0.742322750943143 209.27128444881888
0.5997542456717802 0.9889857620978529 6.281496062992126 0.7495955790280866 206.86269685039372
0.5938612303465584 0.9896799847213976 6.234375 0.7380005267829233 193.85789862204723
0.5942140866230861 0.9893934268936408 6.321850393700787 0.742762751572194 205.4191683070866
0.5889448258716603 0.9900144217317316 6.256520669291337 0.7421559593117741 196.62118602362204
0.5994020307717711 0.9892630033923854 6.391363188976378 0.7250835807483067 196.6173720472441
0.5928925069693438 0.9897998364974964 6.319635826771654 0.734446804902914 196.59608759842519
0.6021586255682723 0.9893106592961805 6.281742125984253 0.7436496861259718 204.12032480314963
0.6126680497235127 0.9886863719580431 6.31742125984252 0.7559263363605324 213.20693897637796
0.5978817612398356 0.989742504399271 6.198080708661417 0.7462829294194941 195.3107775590551
0.5869873421053245 0.9896305390024981 6.32074311023622 0.7465524638594739 208.28383366141733
0.5930070760788848 0.9894554639659018 6.207677165354331 0.7523573434932113 204.46764271653544
0.5937632118448927 0.9898673280749947 6.203986220472441 0.7398392558510483 191.8291092519685
0.5862960190541124 0.9900896974298544 6.278789370078741 0.7351996922099928 189.50492125984252
0.5918388397741183 0.9895178580674844 6.31090059055118 0.7370231444659796 197.60027066929132
0.5874132562884113 0.9900215503325624 6.234498031496063 0.7359981758499092 187.66843011811022
0.5967273426726941 0.9896796228659597 6.23683562992126 0.7407704153805035 194.5318651574803
0.5966567948956469 0.9894207525213233 6.27386811023622 0.7341095890952893 193.79945866141733
0.599681069204384 0.9892729050663128 6.233882874015748 0.736615945363212 193.7576279527559
0.600348255569184 0.989182876081181 6.2421259842519685 0.747644762420091 204.507874015748
0.6068027822498725 0.9893597659365526 6.37093996062992 0.739701757898267 201.6703986220473
0.6000312220121448 0.9892510816058557 6.325418307086615 0.7382490522945091 202.31902066929135
0.593966756921119 0.9900851839474133 6.127583661417323 0.7466795946492596 192.87155511811022
0.602043918616455 0.9895875410327286 6.269931102362205 0.7367240444683052 194.4750246062992
0.5887166618337804 0.9899417290318189 6.2422490157480315 0.7435179269675731 197.35494586614175
0.5978138943782861 0.9896311287686743 6.241264763779527 0.7459588188530004 197.11331200787401
0.596138503865946 0.9898119420718887 6.274483267716535 0.7393521611614665 195.23154527559058
0.5997072628247149 0.9895347719796361 6.270054133858267 0.7364735514450929 194.60039370078738
0.59693174080656 0.9893543819266752 6.2796505905511815 0.7458514463846849 204.8343996062992
0.5954506113511078 0.9896147813794989 6.274360236220473 0.7332201284456477 193.71038385826773
0.6074164765591146 0.988860888624817 6.409448818897637 0.7460545004752064 211.36195866141733
0.5926127241355994 0.989522510488487 6.283587598425197 0.7444673132834546 203.34067421259846
0.5940227430011421 0.9902941989563974 6.090551181102363 0.7437146057010317 189.7545521653543
0.5968255971858734 0.990059495308976 6.187746062992126 0.7395850492594435 192.44906496062993
0.6053231626740898 0.989158100929539 6.284325787401575 0.7477229299183452 206.30733267716536
0.6108101740212772 0.989618784319166 6.142101377952756 0.744574271923222 191.02079232283464
0.5999043377067173 0.9896534276459156 6.2738681102362195 0.7375030715110815 196.42384350393698
0.5957206827745738 0.989668494674658 6.277928149606299 0.7338634521832741 194.7332677165354
0.6090988617616446 0.9889167930706771 6.284202755905512 0.7459453108507806 204.0004921259842
0.6015132835010855 0.9895793864309161 6.238188976377952 0.7387769398991527 194.65378937007873
0.6077764248735068 0.9893785913370087 6.197834645669292 0.7498448037367305 198.23326771653547
0.6043610712804212 0.9894661399137432 6.2707923228346445 0.7425311913587305 197.16732283464566
0.6014764730801938 0.9895177833601555 6.269931102362205 0.7376577376574938 195.65907972440945
0.614798745055478 0.9888251412696707 6.156742125984252 0.7474929227739965 194.6144192913386
0.6087107012892713 0.9891638374696952 6.193528543307086 0.7446927805365151 194.51513287401573
0.6112150798832864 0.9886933807650415 6.27718996062992 0.7487054857487685 204.22207185039372
0.601752732172896 0.9892559310299226 6.332308070866141 0.7349080249387323 196.86122047244095
0.6038117347428414 0.9895210022324634 6.190575787401576 0.7428882215044401 192.4894192913386
0.5995849361960119 0.9891321716597047 6.3732775590551185 0.743948205603353 206.7525836614173
0.5101588995593395 0.9911613263564841 6.883735236220472 0.7070317675732815 201.08193897637796
0.5051085303741711 0.9908684603794429 7.062746062992126 0.6967168422819544 204.97047244094486
0.5167734168222452 0.9909533200746702 6.881643700787402 0.702036792691597 198.95078740157481
0.4780352880033949 0.9919695009719804 7.018823818897638 0.6794421844962781 185.19438976377953
0.4622566738709634 0.9920779854310041 7.002829724409448 0.6839655063710306 186.15625
0.4626381796768757 0.9927461038180411 6.6268454724409445 0.7016895464947879 176.462967519685
0.4494214419394005 0.9928822810155201 6.6264763779527565 0.6767501510949501 166.37893700787401
0.4657173366353213 0.9926459037622922 6.623646653543307 0.6963760338061812 174.51660925196848
0.4811632832272783 0.991638978475255 6.827386811023622 0.7048868298189488 193.17642716535434
0.5023455232423004 0.9912211458533208 6.88287401574803 0.7027895284838094 198.95152559055117
0.5099906837148271 0.9911358172837764 6.8357529527559056 0.709907113871323 199.82135826771653
0.49252891661771864 0.9916241051653623 6.8329232283464565 0.6995347585303269 192.0923966535433
0.5009498898939767 0.9917150463265023 6.689837598425196 0.7054273908383006 187.9388533464567
0.5639546309650424 0.9886522584904585 6.884350393700786 0.7215644466684188 222.58464566929132
0.5270774114049878 0.9901310343749792 6.968503937007873 0.7100260918017258 213.3655265748031
0.49597703503424473 0.9911644241758214 7.027928149606298 0.691414009930617 197.61478838582676
0.4757987138987857 0.9925954395449563 6.6268454724409445 0.696729655452658 174.59227362204723
0.4666416378494872 0.9925984543694216 6.623646653543306 0.6992745146293681 175.46813484251967
0.48511467109332845 0.9916882208951567 6.827386811023622 0.7039750656522445 193.09276574803147
0.46411377888241157 0.9923552008989568 6.626353346456693 0.7115137537744398 185.66892224409446
0.5221555618691699 0.9912942973285696 6.821973425196851 0.7076119586686329 198.5947342519685
0.487485868126281 0.9921628932037054 6.622539370078741 0.7040247021669199 183.3640501968504
0.4895037483590159 0.9917422562789643 6.77718996062992 0.6991684779554705 188.7888779527559
0.4966331574158591 0.9914655275837535 6.826771653543307 0.7054611718374826 198.37389271653547
0.49958925453927866 0.9911616414912567 6.823572834645669 0.6970912014734036 190.88939468503938
0.47638214699298914 0.9917497952561785 6.827386811023622 0.7045978418579419 193.11454232283467
0.4686074668469807 0.9916784275887609 6.827386811023622 0.7172274024204466 203.70386318897638
0.47880674105464377 0.9916793351499683 6.824064960629921 0.7035026044670425 193.09867125984252
0.4904030571688469 0.9916198015950246 6.824926181102361 0.7028909692084299 193.05930118110234
0.5078988568924465 0.9918209077568448 6.501968503937007 0.7276563169105752 192.37044783464566
0.4849639868327011 0.9915850181715067 6.884350393700788 0.6911888882560275 191.0612696850394
0.5040018610637006 0.991529080494127 6.6922982283464565 0.7105663663715944 193.68799212598427
0.4870327995018071 0.9911811489067169 7.0173474409448815 0.6892212709998488 200.42470472440945
0.44288094362538744 0.993054089281019 6.6268454724409445 0.6848916797332127 168.21985728346456
0.46771590338163416 0.9926929321716711 6.6268454724409445 0.6992047772342528 175.5358021653543
0.4785543831459541 0.9922030456789656 6.626353346456693 0.7055964033935396 184.57689468503938
0.47914328267069106 0.9920508049341649 6.626845472440945 0.7145723090098779 187.69598917322833
0.49585032663354456 0.9910671668715794 6.827386811023621 0.722897468891075 206.38939468503938
0.4633075133376597 0.9922714516079717 6.626845472440945 0.701139847832902 182.44032972440945
0.5058651180486853 0.9915645451238343 6.822219488188977 0.6934272306821644 189.9170767716535
0.4981186863957615 0.9914045777290924 7.023868110236221 0.6921524659840746 197.54244586614172
0.5066182154776119 0.9913618495191265 6.824926181102363 0.6962546774310643 191.92113681102362
0.4785073626114417 0.9924858673263722 6.633366141732283 0.6872403340413537 171.83169291338584
0.4656752040004425 0.9923738160506953 6.824311023622047 0.677811400949524 176.5933809055118
0.45413197606058053 0.9925360091779685 6.824311023622046 0.6806089317201418 177.5584399606299
0.46676650602022945 0.9923374573712404 6.827386811023621 0.6856490067398925 179.48708169291336
0.48680698546832096 0.9914696071930952 6.8235728346456686 0.7072591549203121 194.15305118110237
0.47751096879606864 0.99176644962064 6.827386811023621 0.7009315622304161 192.0834153543307
0.4666520096665742 0.9922896712891938 6.6268454724409445 0.7048951313219382 183.5093503937008
0.5020550105423257 0.9911197618479242 7.028789370078741 0.6889850831244443 197.5182086614173
0.4899180446652274 0.991443905795277 7.02546751968504 0.6907287133005853 197.46727362204723
0.5046178543770447 0.9910948189631623 6.878937007874016 0.7014755309311339 199.96518208661416
0.47891739916989523 0.9915631942915463 7.014271653543306 0.6819150358440296 192.99187992125985
0.502302522828492 0.9917805754148408 6.687007874015748 0.7008430378414315 185.89616141732284
0.5017927537373009 0.9916115429632715 6.690944881889764 0.7158891619305053 195.8337844488189
0.46855841437110024 0.9919648503829467 6.827386811023622 0.6959609924978856 189.8115157480315
0.4636594267275616 0.9927460490935075 6.6268454724409445 0.6935510703326133 173.5973179133858
0.4834552107967744 0.9921438750386711 6.626845472440944 0.7153868071454687 188.74077263779526
0.46531464140529055 0.9926727522165627 6.6268454724409445 0.696062106709441 174.53457185039372
0.4850016271759436 0.9921206265986976 6.626845472440945 0.7023708483155441 183.52337598425197
0.4781790627991722 0.9918193340962724 6.827386811023622 0.698989122108035 191.01636318897636
0.4817153882949286 0.9916931181536041 6.827386811023621 0.7022008641034532 192.10937499999997
0.48405060165998326 0.9912667327314795 6.8265255905511815 0.7155994426211412 204.57468011811028
0.5020145557099417 0.9914839689069741 6.624015748031496 0.7246125993910243 196.3011811023622
0.480557015474796 0.9922470875569079 6.869463582677165 0.6744134175554255 177.48031496062993
0.4540350386791388 0.9928876546873588 6.6197096456692925 0.6771211081713118 167.6472687007874
0.48801279994949753 0.9915966870219097 6.823695866141732 0.7069967679480134 194.10346948818898
0.46839281424045603 0.9923877971857396 6.777189960629921 0.6810395635682363 175.65871062992125
0.48495786141754277 0.9915857559759176 6.823572834645669 0.7086775954337167 195.11478838582676
0.47591567719508604 0.9916138472671235 6.9654281496063 0.6943433948503883 195.10999015748033
0.49285339326644284 0.9991664964972099 1.3385826771653542 0.7194241975523818 7.052657480314959
0.44697978330284993 0.9930083857968558 6.6268454724409445 0.68575188785362 169.16141732283464
0.48570544890793954 0.9919248763970729 6.626353346456693 0.718895884968333 189.77645177165354
0.45169160226687816 0.9929594754876582 6.6268454724409445 0.6870574364645566 169.24778543307087
0.4804945738304853 0.9920684150232171 6.6268454724409445 0.711564707153834 186.68540846456693
0.4831472305659098 0.9915863552850759 6.824064960629921 0.6993092183042358 190.94697342519686
0.5073376081277514 0.9913842778826474 6.828248031496064 0.7097606164007345 201.27682086614175
0.5233699034991909 0.9916703740781976 6.4984005905511815 0.7237029853393459 190.26008858267718
0.46262788146762496 0.9924458564890704 6.8243110236220454 0.6837522627245292 178.56422244094486
0.4893185872139888 0.9916139299859748 6.82357283464567 0.7046740760793808 193.0275590551181
0.483790161386399 0.9916920189633573 6.8265255905511815 0.7042600927212027 192.12389271653544
0.4764327450116016 0.9916494584516511 6.827386811023622 0.7006070158028048 192.02768208661416
0.4929942819782869 0.992222656697345 6.498892716535433 0.7097399081955287 180.77768208661416
0.48732414508390015 0.9919807802593827 6.501968503937007 0.723149826609932 191.2839566929134
0.49870019805539867 0.9917152860322307 6.689837598425198 0.7024826726168669 187.9036663385827
0.5041025820883319 0.9915557028307845 6.6922982283464565 0.7196700259149846 197.78211122047247
0.5056920990067238 0.9915660575114429 6.692298228346456 0.7172243903843744 196.87795275590554
0.4882385445783198 0.9915770089832765 6.881028543307087 0.6944651790010811 192.1219242125984
0.4482411411174137 0.9934111910096736 6.447096456692913 0.6682293380020807 156.6203248031496
0.44137833427299694 0.993082799690316 6.6268454724409445 0.6791648560844004 167.1994340551181
0.445357820838153 0.9930496365596997 6.626845472440945 0.6865311288034754 169.17655019685043
0.48268211644348663 0.9920942947275578 6.6268454724409445 0.7134456866679042 187.66043307086613
0.48152136966942094 0.9920435334592494 6.6268454724409445 0.7138311369059782 188.68860728346456
0.47697909960860496 0.9917580771724426 6.824064960629921 0.696312791681109 189.8916092519685
0.504409981091645 0.9913346470902539 6.692544291338582 0.7174942063561301 197.68331692913387
0.5050403051623216 0.9911102729567323 6.8329232283464565 0.6952881043684259 194.3816437007874
0.4735399414681925 0.9924241759409395 6.637918307086613 0.6729562618910224 163.98314468503938
0.44681579822189393 0.9927226461622113 6.821727362204725 0.6709499475777068 172.09128937007875
0.49908142269080685 0.991823663186199 6.824311023622046 0.6756792634355198 175.69721948818898
0.47032705857143603 0.9921403926476031 6.82111220472441 0.691917126664743 181.3713090551181
0.5232344745626919 0.9946861907902915 4.778297244094488 0.7368670266040385 110.69943405511812
0.49680335958990096 0.9940574040319382 5.2894931102362195 0.7050870824554831 121.54933562992125
0.5408859731001737 0.9939808242486693 5.130905511811022 0.7173167270163352 119.40218996062991
0.515091785969336 0.9949645194726894 4.709153543307087 0.7212235746952922 100.65649606299213
0.5216748702649027 0.9949185793612694 4.6705216535433065 0.7228774015714536 99.85740649606298
0.5227893398245459 0.9937551093221468 5.186392716535432 0.709561731936551 119.48302165354332
0.5074929982493499 0.9947248122342078 4.901574803149606 0.7067448708028752 104.13029035433071
0.5267085469847947 0.9947350830564925 4.6614173228346445 0.7229080432850206 99.71382874015748
0.5220155843864603 0.9949606897617957 4.668676181102362 0.7210160315656605 99.15477362204724
0.5159806588280035 0.9946790198975727 4.853592519685039 0.707581660437012 102.41043307086613
0.5368793737674887 0.9945496889515778 4.765624999999999 0.7263467683686653 106.19008366141732
0.5047548596053048 0.9945579387566388 5.051181102362204 0.7024458156394966 108.51648622047243
0.5092633949794438 0.9946519760345018 4.906865157480314 0.7210380495200099 108.34276574803148
0.5075931756358182 0.9951274065754503 4.761318897637795 0.7117407625229152 100.04010826771653
0.5108164448448307 0.9951319213666538 4.714936023622046 0.7148970959138259 99.24852362204724
0.506544082686853 0.9947577925033223 4.899606299212598 0.7133685114450994 105.81065452755905
0.5016911239564815 0.9950921463331827 4.759350393700788 0.7264450166164392 104.02780511811022
0.5392064071435697 0.995015159618026 4.512918307086615 0.7412849280603273 100.67458169291339
0.5147801359287147 0.9946170736227161 4.881889763779528 0.7329128728491855 112.89936023622047
0.5239220529270767 0.9943876012999805 4.901820866141732 0.7287205679531905 112.32541830708662
0.5211950422330489 0.9943722484288265 4.960383858267717 0.7256754697829211 113.45226377952756
0.515450529082307 0.9943233055193252 5.033464566929133 0.7072836824182585 108.94734251968504
0.5275602243177159 0.9942812805796608 4.956077755905512 0.7215462861533053 112.50406003937007
0.5090063539586213 0.9948003124438548 4.859621062992126 0.7143407692141479 104.31791338582678
0.5083089625170338 0.9948232371744962 4.898129921259843 0.7019920311228006 102.43700787401576
0.5135321013148338 0.9945309708002977 4.91572342519685 0.7211565132818971 110.77214566929133
0.5312428055435132 0.9942952790934344 4.897514763779527 0.7207101860585827 110.47428641732284
0.5282412766982252 0.9943501670037259 4.8982529527559056 0.7191921935079212 110.42630413385828
0.5261122473399419 0.9943439901287862 4.945127952755906 0.7183544011069918 111.40834153543308
0.5173302659895944 0.9953784471027508 4.533956692913386 0.7137936481954169 90.34645669291339
0.5037809490751275 0.9945138426404923 5.090182086614173 0.7005553437733998 109.25848917322834
0.5411779817804979 0.99516094551381 4.479576771653543 0.7257897233595597 93.1253690944882
0.5352726988145615 0.9952044495225643 4.526205708661418 0.7223871830041217 94.01279527559055
0.5237127664414122 0.9949766462771743 4.668184055118109 0.7117776788723875 96.62143208661416
0.5029902237400026 0.9943154559401368 5.106299212598425 0.7111643617060377 116.1734744094488
0.5177582191531706 0.9950155139440412 4.717642716535432 0.7081868673263874 97.5984251968504
0.516488682268782 0.9941858433247127 5.041338582677166 0.7161978291095772 115.82455708661416
0.5210254651806486 0.9950186023689329 4.671259842519685 0.7116408143420925 96.73978838582677
0.5326574843843346 0.9948263709000951 4.615895669291338 0.7180924222173599 96.49704724409449
0.5447011039252033 0.9944069937318556 4.716166338582677 0.7269602647750172 104.32308070866142
0.5323082050843705 0.9942436786419612 4.849901574803149 0.7293814655324364 111.33304625984252
0.527099854251646 0.9943985143332379 4.852485236220472 0.7257581386526317 110.44918799212599
0.5151796441361409 0.99490729287949 4.75947342519685 0.7170789374144257 101.66350885826772
0.5265072536632431 0.9948087661527115 4.599163385826772 0.7374410355803163 102.72490157480314
0.49521533549918106 0.993848946657118 5.392962598425197 0.7051540031345016 125.23252952755905
0.5009928326771619 0.9945119607402713 5.090797244094488 0.7034244974090538 110.09461122047244
0.5356445672222 0.9943402094524677 4.816437007874015 0.7319891895111847 109.73535925196852
0.4996022978250014 0.9947490340839135 4.9482037401574805 0.7135762491642094 107.48941929133858
0.5464168305954163 0.994682535893541 4.483390748031496 0.7453091779993704 100.65637303149606
0.5347255751872786 0.9945465391796036 4.770177165354331 0.7292079428317455 107.09977854330708
0.513564000465463 0.9941778171010925 5.13656496062992 0.7095876192074291 116.83538385826773
0.5138148802209432 0.9946791647629484 4.898745078740157 0.7052044719058539 103.22896161417323
0.5232588902285827 0.9946517263917644 4.725516732283463 0.7327673567814871 107.0242372047244
0.5022244602879786 0.9942503715692278 5.1548966535433065 0.7146396426743695 118.12192421259843
0.5036179215676615 0.9948995335670232 4.8982529527559056 0.707912920409745 104.0704970472441
0.504438353634294 0.9949441856375596 4.852608267716535 0.7112170215558167 103.2908464566929
0.5445184850842232 0.9943256844061598 4.741879921259842 0.7386677996213071 110.53161909448818
0.49879879567544466 0.9949750374305809 4.900590551181102 0.7083292658598299 104.1838090551181
0.5296260194054565 0.9946422692736547 4.764640748031496 0.7293791602440358 107.07148129921259
0.5011975779706536 0.9948845901499553 4.906126968503937 0.7109303665445688 105.09842519685039
0.5450227232916307 0.9944265572579595 4.66978346456693 0.7422128713884181 108.82935531496062
0.5060638167900012 0.9947995913038351 4.906126968503937 0.710819786085014 105.09682578740157
0.5333013038936094 0.9945458639834843 4.676058070866142 0.74318502462454 107.91424704724409
0.5155176701961968 0.9945731028433847 4.954847440944882 0.7133425787897345 110.66867618110236
0.4965196111581298 0.9944679705780093 5.016363188976378 0.7309757041263615 118.15280511811024
0.4925927212768615 0.9944760614069009 5.015625 0.7203332702038738 114.39517716535434
0.5110249037224557 0.9941270106217318 5.162647637795276 0.721546033785869 121.66572342519684
0.508103761165324 0.9943634342423059 4.937253937007874 0.7230298725437446 113.02140748031496
0.518175200560506 0.9950196681072976 4.6703986220472435 0.7142249842229348 97.51291830708661
0.5018072328916016 0.9940672541395125 5.246924212598425 0.7039875431127585 119.75516732283464
0.5341824533393934 0.9941934696010742 4.8513779527559056 0.7280086553901279 111.27165354330708
0.537087630262085 0.9941919229021533 4.806348425196851 0.7308371652264527 110.37315452755905
0.5149618150856838 0.9950653646156278 4.714566929133858 0.7086321013617745 97.51316437007875
0.5092001334384847 0.9948124342082709 4.855930118110236 0.7129098793704531 104.08021653543307
0.541196532566121 0.9946061456324703 4.674581692913386 0.7334529182100693 104.3736466535433
0.5495876007069976 0.9946052626742843 4.61761811023622 0.7351368477713438 103.27239173228347
0.5056126363109019 0.9947509638834819 4.909448818897637 0.7128617366979292 105.95718503937007
0.5211909980647275 0.9944923034526466 4.901943897637795 0.7192023968909083 110.49987696850394
0.4939500751027947 0.9949454445737839 4.910679133858268 0.7129937215877387 106.16190944881889
0.5338103957933727 0.9947473440735266 4.736343503937007 0.735561172200915 107.56139271653544
0.49930291331171317 0.9951203816379784 4.766732283464567 0.725972746046961 104.18602362204723
0.5146823205861137 0.9943514496978605 5.05843996062992 0.7201447788077815 116.2931840551181
0.5227109776732214 0.9942732199034331 5.047490157480315 0.7192317018531591 115.33673720472441
0.5396329439937539 0.9941827905435252 4.853469488188976 0.7299493297578724 110.55044291338581
0.5139930574380583 0.9945044556649464 4.961491141732283 0.7252168943432573 113.44500492125987
0.5373967794263962 0.9945516431412267 4.720103346456693 0.7322021506522395 106.136687992126
0.500766512625408 0.9948346369514527 4.952632874015748 0.7076291951315874 105.9876968503937
0.5040927481104176 0.9945137129229615 5.089812992125984 0.7012583821683686 109.24876968503936
0.5109299393832591 0.9948257015034315 4.8955462598425195 0.6996474942394104 101.59793307086615
0.5096381956909263 0.9941826450022907 5.144685039370078 0.7064595723428402 116.06852854330711
0.5252506214662193 0.9942950889539043 4.9451279527559056 0.7194127961720497 112.23646653543307
0.5230307878905358 0.9943417323940955 4.946235236220472 0.7195206097101752 112.28666338582676
0.5274966964422457 0.9942443453151474 4.9451279527559056 0.7190599349954083 112.22563976377951
0.5068198519844475 0.9946623832968877 5.042814960629921 0.6945786052833021 105.90981791338582
0.5262265562907045 0.9946330552279322 4.834768700787402 0.7088490069190414 102.05167322834646
0.5067940992571305 0.9944757045044827 5.081692913385826 0.7000680986886312 109.04638287401573
0.5124136340993041 0.9943765225522552 4.990649606299212 0.7064184256535934 107.38607283464566
0.5005886471042146 0.9944677722256396 5.137426181102362 0.69955979808721 110.84657972440945
0.5234679388913248 0.9937567847916008 5.222687007874015 0.7071410504429461 119.46419783464567
0.5085877927731371 0.9943762094702991 5.13238188976378 0.6962136988523031 109.8599901574803
0.6859159389723719 0.9913915274817987 4.34867125984252 0.8418199267586406 140.54219980314963
0.6600684825487737 0.9923984793380899 4.404527559055118 0.8387997393387385 141.29933562992125
0.6329668804937238 0.995036273551452 4.012795275590552 0.8082851047678232 95.45201771653544
0.4538844079949649 0.9987328341730197 2.6562499999999996 0.5830665874947293 18.366756889763778
0.6793025765672719 0.9909222528292057 4.663754921259843 0.8267686088471179 149.1232775590551
0.6780319829434249 0.9916729639441336 4.3892716535433065 0.8373719902078893 140.4769931102362
0.67278597798741 0.991846253281558 4.3981299212598435 0.8318442123993153 138.57603346456693
0.6983418469674804 0.9907445912011552 4.3892716535433065 0.832890185405638 138.98929625984252
0.6932219935588448 0.9906309712194192 4.3918553149606305 0.8374276717687295 141.28063484251967
0.6695396453924296 0.9921450083898107 4.40132874015748 0.8389298714618304 134.71727362204723
0.6695396453924296 0.9921450083898107 4.40132874015748 0.8389298714618304 134.71727362204723
0.6757225280619149 0.9920293307760515 4.4013287401574805 0.8419028922567173 135.78629429133858
0.6893279660861813 0.9926194722875123 4.009596456692913 0.8575091617752385 124.14037893700787
0.6901651164457027 0.992043637542726 4.008366141732283 0.8562592437131668 130.3793061023622
0.6608721127658763 0.9948002467102895 3.8136072834645667 0.8128596504982207 89.07148129921259
0.49240617023974526 0.9988585269992205 1.9926181102362204 0.625871794061021 11.838951771653543
0.42687560760418686 0.9983180540801603 3.614665354330708 0.6651840065827143 40.88988681102362
0.6850629904813785 0.9922566405651118 4.005536417322834 0.8516074682188113 127.93442421259842
0.682741530133666 0.9916218941455964 4.339320866141732 0.8370630053026161 138.2490157480315
0.6752760383083533 0.9910974250575634 4.6012549212598435 0.8352273729222512 149.66547736220468
0.6807250570435015 0.9914414735563842 4.4045275590551185 0.8414305580795306 143.1037155511811
0.6757225280619149 0.9920293307760515 4.4013287401574805 0.8419028922567173 135.78629429133858
0.6833602069829172 0.991413599644066 4.401697834645669 0.8392771869077134 141.87782972440945
0.6729447488147274 0.9916783662464516 4.404527559055118 0.8388936523282164 141.8353838582677
0.6633485249554552 0.9919264341270221 4.578740157480315 0.8245062669419828 143.72576279527559
0.6661541064411797 0.9918425009524339 4.716289370078739 0.8205818530248292 141.73991141732284
0.7027893980569062 0.9904813342177191 4.39554625984252 0.8250320776274457 136.08698326771653
0.6878902797410688 0.9907076006681871 4.5830462598425195 0.8437598738921801 154.65932578740157
0.6972713464132583 0.9892926886066796 4.345841535433071 0.8341884346994396 138.04724409448818
0.494319507080697 0.9986632935771212 2.0039370078740157 0.6885242608470383 14.830093503937007
0.6546261098084563 0.991844668086495 4.578001968503937 0.8218026446846396 142.48080708661416
0.6569829935246811 0.9926180191548876 4.387795275590551 0.8325140494567437 131.5455216535433
0.6464577306629916 0.9916088071997816 4.846210629921259 0.812979206587529 144.58464566929135
0.6745904607858396 0.9913559951860658 4.5139025590551185 0.8253686139623411 141.12684547244095
0.707321959656715 0.9904165434756601 4.333661417322834 0.8485083022857185 144.7426181102362
0.682961914082215 0.9913474718974963 4.400713582677166 0.8414098928954672 142.8005659448819
0.6928141201297572 0.9920205013549366 4.005536417322835 0.8541058725413497 129.15342027559055
0.6280071523207715 0.9954085375072003 3.814714566929134 0.8142117551988953 88.92002952755905
0.4338994874500377 0.9990905029716067 2.0078740157480315 0.661979804381591 13.178641732283465
0.4555853059791823 0.9985299039501598 2.406126968503937 0.7289521036518436 25.7353592519685
0.6919370584500587 0.9909920126302638 4.4110482283464565 0.822951425428668 135.69623523622045
0.6460727978811034 0.99281165404971 4.408218503937008 0.8358821046879286 139.75492125984252
0.6817309917338817 0.991189903165525 4.404527559055118 0.8339774886410412 139.9534940944882
0.6986889822800565 0.9907393368532899 4.402312992125984 0.853360168673241 150.15846456692915
0.6695396453924296 0.9921450083898107 4.4013287401574805 0.8389298714618303 134.71727362204726
0.6695396284366572 0.9921450083898107 4.40132874015748 0.8389298714618303 134.71727362204726
0.6612710980642524 0.9924518958648949 4.573818897637796 0.8216149149102623 136.55167322834646
0.6958653803983518 0.9902295060833411 4.578371062992126 0.8237128767756086 145.77583661417324
0.6750784883382145 0.9918482798291205 4.381889763779528 0.8306393691721269 137.050812007874
0.6723185532411601 0.9914881670726499 4.58058562992126 0.8317576774397412 147.02940452755905
0.696259460546265 0.9904261762240567 4.4045275590551185 0.8315210891983376 139.2527066929134
0.709226522800151 0.9896326234959477 4.404527559055118 0.8365666439910622 141.81865157480314
0.6681537326371423 0.9918783643173271 4.4110482283464565 0.838151496669589 141.81373031496065
0.6915149927474922 0.9925254212195975 4.004429133858268 0.8575403466181712 124.02140748031495
0.678519213883202 0.9923102234575205 4.200295275590551 0.8479983129445339 129.28248031496062
0.6802090702322193 0.9923671113466238 4.014763779527559 0.8530655625361083 129.23843503937007
0.49240617023974526 0.9988585269992203 1.9926181102362204 0.6258717940610211 11.838951771653543
0.6164866607123103 0.9956781534075305 3.9573080708661412 0.7819549193349349 84.35765255905513
0.6675721230686901 0.9909227999523678 4.8045029527559056 0.8265993600760608 155.50947342519686
0.6785373114162323 0.9915522813314245 4.4045275590551185 0.8410995886088172 143.0532726377953
0.6730362397219021 0.9912730178476545 4.608759842519685 0.8323468467591347 148.73622047244092
0.6803256052096135 0.9915253657693962 4.34867125984252 0.83930022008413 139.34916338582678
0.6674516038071172 0.9917980343287989 4.404527559055118 0.8364124470824814 140.69168307086613
0.6527819826314473 0.9945224994936932 4.007258858267717 0.8205725526857286 101.32652559055119
0.6569642907103945 0.9941353657610495 4.147760826771654 0.7832077360276328 93.61786417322836
0.44583062957167435 0.9989247275990734 2.3975147637795273 0.5986553659803683 15.781988188976378
0.6593912773568211 0.9913508248908529 4.9111712598425195 0.8100202127987652 153.5188238188976
0.6694317018965935 0.9914294665531018 4.58058562992126 0.8314077046934935 147.04219980314963
0.6922439968162322 0.9902394027515725 4.712106299212599 0.8390562633538244 158.9892962598425
0.6776364609915548 0.9914335808114773 4.516732283464567 0.8283474921696563 142.44857283464566
0.6783992281364872 0.9919084391870631 4.332308070866142 0.8360775845621455 136.96358267716536
0.667378495910483 0.9923049607921905 4.406496062992126 0.836430442857877 133.82197342519683
0.6803413797601482 0.9912911173891634 4.406373031496063 0.8460461731210023 145.27842027559055
0.6779023263882928 0.9918598580108858 4.396161417322834 0.8444023208606707 136.68159448818898
0.6831415524109087 0.9927345950286727 4.009596456692914 0.8545361409803515 123.07135826771652
0.6853246827490996 0.9926437845506961 4.004429133858268 0.8545673258232842 122.95238681102362
0.49240617023974526 0.9988585269992205 1.9926181102362204 0.625871794061021 11.838951771653543
0.44233515336541707 0.9983279119155036 3.6146653543307092 0.6651845139036294 40.890625
0.6896044366079856 0.9915094232112824 4.387057086614173 0.8258050658385052 135.29502952755905
0.699100849308257 0.9908129102378159 4.4106791338582685 0.8510511602796813 149.14985236220474
0.6785373114162323 0.9915522813314245 4.4045275590551185 0.8410995886088172 143.0532726377953
0.699100849308257 0.9908129102378159 4.4106791338582685 0.8510511602796813 149.14985236220474
0.6751406174124744 0.9915697826584324 4.4045275590551185 0.8389108514050201 141.91067913385825
0.67171535662285 0.991979439417863 4.396161417322834 0.8414293000657838 135.61257381889763
0.7075000394347067 0.9899898143332725 4.336983267716534 0.848769456099848 145.42605807086616
0.6718844114718017 0.9915300384635951 4.400713582677166 0.838579459946831 141.54872047244095
0.6848976747576236 0.9910828354489571 4.5264517716535435 0.8180239052407295 138.7001722440945
0.6649914503632091 0.9919038681611478 4.57689468503937 0.8222494886084549 142.72293307086613
0.6442240817073502 0.993098668173688 4.385580708661418 0.8330429836140233 137.35211614173227
0.6740130805172545 0.9910616477835731 4.719365157480315 0.8237355771744526 150.31126968503935
0.6855135169335317 0.9917583662576962 4.286786417322834 0.8358198516320587 134.76205708661416
0.6961227725669725 0.9904083420875962 4.545890748031495 0.8477457416828044 154.77743602362204
0.6513118852751514 0.992587005589344 4.387795275590551 0.8340147114582224 132.51808562992127
0.6790136746137739 0.9913401744473248 4.387795275590551 0.8210897779669072 128.42015255905514
0.6670406690332463 0.9914258778150582 4.484498031496063 0.8289258182003267 141.48511318897636
0.6715334224816946 0.9920005530746197 4.529035433070867 0.8268775000176511 135.64739173228347
0.701020206923389 0.9906214164193278 4.401451771653544 0.8533658600332581 150.1066683070866
0.6859159389723719 0.9913915274817987 4.34867125984252 0.8418199267586406 140.54219980314963
0.6984094651216318 0.9918860529350897 4.005536417322835 0.8566255792158601 130.3464566929134
0.49240617023974526 0.9988585269992205 1.9926181102362204 0.625871794061021 11.838951771653543
0.579726570067946 0.9891556623740124 7.00369094488189 0.7341706540561745 211.4008366141732
0.5654167300329391 0.9903093780208967 6.767716535433071 0.7223281150498028 189.37659940944883
0.5908804484689982 0.9884663588316686 7.004552165354331 0.732234873372937 217.03641732283467
0.6049432763945086 0.9878388986860563 6.973794291338583 0.7420383634565748 219.0900590551181
0.6009540204896222 0.9882755285031256 6.996678149606299 0.7384489807418638 219.19672736220474
0.5996753078426558 0.9875155112817762 7.013164370078741 0.7482158782234597 233.98203740157481
0.6278231605254788 0.9858265103693378 7.024237204724409 0.7582020700573482 241.15501968503935
0.593995897353179 0.988371639169223 7.052903543307087 0.7398475687268649 222.5926427165354
0.6379979403917164 0.9853354482020279 6.993848425196851 0.7442744497563076 227.83932086614175
0.6021122199963027 0.9874047266249649 7.008489173228348 0.7494498504491445 234.019438976378
0.6048201630343569 0.9879501206660176 6.914616141732284 0.7160465639078294 193.56360728346456
0.6193589787472521 0.986740163772053 6.943897637795276 0.7322427726680931 209.46062992125982
0.5802476250974693 0.9890627174025444 6.950049212598426 0.7373826178777342 210.0551181102362
0.5985553092539864 0.9882994016972227 6.930118110236221 0.7413193859676115 217.61269685039372
0.5919628629925426 0.9884774725146463 7.047859251968504 0.7396858972832028 222.48105314960634
0.5944163950503638 0.9884401187450883 7.0079970472440944 0.7421368253560814 221.5196850393701
0.5815813078039187 0.9892318941434488 7.000738188976378 0.7425172631550068 221.2068159448819
0.5807093977812127 0.9891499077655106 7.008981299212597 0.736454313023752 211.81766732283464
0.5921528592036555 0.9885359281563876 7.053149606299212 0.73760253836 221.5894438976378
0.5784565977106739 0.9891541311215662 7.011318897637796 0.7399534058878945 221.88951771653544
0.5751582235964335 0.9893850616679002 7.0642224409448815 0.7276704467332784 210.9954478346457
0.6007311358145546 0.9880707183183481 6.946358267716536 0.741203693648008 211.8079478346457
0.6222454414208376 0.987236130012756 6.819635826771654 0.7501827500690212 224.94931102362204
0.5953749737210522 0.988811720945147 6.7703001968503935 0.731668001327323 200.1238927165354
0.5823396077181707 0.9892409800216933 6.8455954724409445 0.7313074288828654 196.27780511811028
0.6159937413758008 0.9873363430978181 6.920890748031496 0.7395716471797038 216.8896407480315
0.5850460447684056 0.9883124989395424 7.068036417322835 0.7561235606266443 244.06028543307087
0.599312495593386 0.987667355431577 7.016855314960629 0.741957211761449 231.25504429133858
0.5932335517059635 0.9880120839147337 7.018208661417322 0.7447545741736132 233.26328740157476
0.5866707448619238 0.9880833018966253 7.026082677165355 0.7534232380520755 240.39013287401576
0.5947602880598519 0.9878381255327393 7.013410433070866 0.7421667899263692 229.11491141732282
0.5897191776404003 0.9886036198582221 7.006028543307087 0.7374308695169075 219.38705708661416
0.5887648302330062 0.9880275068054067 7.065083661417322 0.7426268723000226 233.88545767716536
0.5870001453012202 0.9888073182193509 7.018577755905512 0.7327191298267592 217.74913877952758
0.5932831393298871 0.9885295558003648 6.980314960629922 0.722914268472516 206.99913877952758
0.5215256140373863 0.9977493853844727 3.614665354330708 0.7139979736699489 51.2296998031496
0.5166266852871569 0.9979267879114467 3.589566929133858 0.6492085361079465 39.80462598425197
0.6009160359880459 0.9882693425029356 7.009596456692914 0.7354822009762602 219.68196358267713
0.5850778415119265 0.989312282139224 7.012180118110237 0.7277852309751143 208.859375
0.5583387940432194 0.989844981762498 7.020915354330708 0.7363494294180536 211.9124015748031
0.5988306789403112 0.9884098138362278 6.903174212598426 0.7381794023498148 208.79367618110237
0.5955120753407823 0.9884625412383322 6.950295275590552 0.7350867330484989 209.84141240157481
0.5787721045093693 0.9891380663243582 6.98843503937008 0.728956819635487 208.87413877952756
0.5864185881496486 0.9891815882838364 6.810900590551181 0.7197352941499149 190.73093011811028
0.5978782674428945 0.9883102203245767 6.9185531496063 0.735121068625148 214.55856299212599
0.6069200190761396 0.9873920956840335 7.012918307086615 0.7454425828938626 230.47883858267716
0.5884991736437288 0.9884579745681824 7.046628937007874 0.7321827605868843 218.8902559055118
0.5844570527090447 0.9885043445819002 7.179502952755906 0.7251601148868382 222.5125492125984
0.5944152554953755 0.9967550320298448 3.6146653543307083 0.7593546670406539 63.06065452755905
0.6094237709824053 0.9966990623128361 3.5695127952755903 0.6534059085017022 39.59498031496064
0.622197304465997 0.987804835943596 6.785679133858268 0.7524177228712532 214.7529527559055
0.5790030043814177 0.9895644394641385 6.836245078740157 0.7338466051250713 203.93220964566927
0.5708839200369408 0.9893804164928927 7.0203001968503935 0.7395605836388432 213.90268208661416
0.5736613408239376 0.9894180485843909 7.020300196850394 0.7345209520787949 211.80167322834643
0.597135752114006 0.9882481809343809 6.940452755905511 0.7463300067261452 219.67162893700788
0.5848154149098551 0.9885948498774412 7.018454724409448 0.7422162383836102 222.96911909448818
0.5736613408239376 0.9894180485843909 7.020300196850394 0.7345209520787949 211.80167322834643
0.5833152886078061 0.9887270701206562 6.950418307086615 0.7310529220611728 210.07627952755905
0.5896912055748953 0.9886213853046621 6.98806594488189 0.738806314185657 219.00898129921256
0.6027746060493 0.9881278032291744 7.0204232283464565 0.7367689754402815 219.67716535433073
0.598470490911674 0.9883155395904195 7.04072342519685 0.7366307322847143 220.19795767716533
0.5952104711257428 0.9877307374284144 7.018208661417324 0.7470401254984205 233.87573818897638
0.6081787336687817 0.9871823072935846 7.057209645669291 0.7630667744526356 243.82332677165354
0.6026102960498524 0.9876503414646842 7.064222440944883 0.7444760809726991 232.701156496063
0.6308654797197563 0.9857329166741121 6.99384842519685 0.7403414782234533 226.08095472440942
0.6090324996181823 0.9873279028309186 7.005044291338583 0.7477604890589893 232.88250492125985
0.6412103195238266 0.9851949461715045 7.034079724409448 0.7462477399832902 230.837967519685
0.6187446346566638 0.9873710377312351 6.964812992125984 0.7396964272619153 217.83661417322833
0.6005929132118171 0.9882931932815434 7.042568897637795 0.7315910964018675 219.2551673228346
0.6019879178974704 0.9967837188893655 3.6307824803149606 0.767847932828913 65.11811023622049
0.5164453133711331 0.9979272470109092 3.589443897637795 0.6494330264150372 39.79625984251969
0.5924524686300098 0.9892647143787762 6.858021653543307 0.7389408718431413 206.50750492125985
0.6023471459936925 0.9880361106685224 6.9138779527559056 0.7372984291815536 210.33895177165354
0.556674171486338 0.989985574612171 7.012303149606299 0.7350557630283017 210.7498769685039
0.5754755584722294 0.9893361695140852 7.0123031496063 0.733835925847441 211.60445374015745
0.5654149899178201 0.9894416493796218 7.000492125984252 0.7312214384108227 216.13361220472441
0.596064426408212 0.9876518274777404 7.05757874015748 0.7506489579288709 235.13373523622047
0.5911936007606087 0.987984566186394 7.063607283464567 0.7446834384440612 232.71038385826768
0.640309386752768 0.9849743887892006 7.035187007874017 0.7442996823395615 229.9613681102362
0.5898506523171696 0.9879894494536451 7.01685531496063 0.7396921056301862 230.17372047244095
0.5908533319574678 0.9884927596066773 7.022514763779526 0.7300032143491904 216.83181594488187
0.6262281153759925 0.9861209175287139 7.038508858267717 0.7397166133398784 228.40292814960628
0.6209481878648806 0.9872662336984045 6.925812007874016 0.7399784854724033 217.2396653543307
0.5671146453086789 0.9896639535206609 7.001968503937008 0.7400460590386149 220.34055118110234
0.611212436212497 0.9876624001052239 7.012057086614173 0.7321961323927316 216.59362696850394
0.5814039205530653 0.9892531625251743 7.048843503937007 0.7222069219990213 208.65489665354332
0.5622340752815238 0.9897920970920174 7.068897637795276 0.7317276628344282 220.71530511811022
0.597744120579922 0.9888171608544843 6.820866141732284 0.7271836750334142 201.17778051181105
0.6189879328144099 0.9872232617959926 6.91117125984252 0.7516173040753044 220.44635826771653
0.5839714293417514 0.9891223334496553 6.955585629921261 0.7379510576863844 210.33476870078738
0.5797413873900041 0.9892987844358092 6.972194881889765 0.7378979224607655 210.72010334645668
0.593484649263103 0.9889642281701952 6.776451771653543 0.7296686045021246 192.99655511811025
0.6056607129219643 0.9881004760028627 6.890501968503937 0.7411985423624052 215.5851377952756
0.6176277174018299 0.9866406239041493 7.019192913385827 0.7442081654682684 229.46665846456693
0.5831127369355559 0.9887993071538116 7.021161417322835 0.7390052680243452 220.80967027559055
0.5739137815274208 0.989328650587765 6.971210629921259 0.7396568824376731 218.77165354330705
0.6220227942675293 0.9874469257830424 6.928887795275592 0.7437645302839031 217.98388287401573
0.6169331532731585 0.9875690541905302 6.927165354330708 0.7416947280986868 216.95989173228347
0.5894353719120393 0.989002257995058 7.0043061023622055 0.7322897928760543 210.64394685039372
0.5774503484585659 0.9891212819182139 7.003690944881889 0.7399889854436924 213.52411417322836
0.6172425048780925 0.9910100414978096 5.996432086614173 0.7369382196248285 168.00184547244095
0.6252012439798037 0.9907084028652602 5.996555118110235 0.7361464845543556 167.9713336614173
0.6342258884503676 0.9891913022316895 6.368725393700787 0.7333267192993963 187.1338582677165
0.632248599574632 0.9897857721478451 6.179133858267717 0.7362257012237394 179.0953494094488
0.6241605758268627 0.9901828020449029 6.166953740157481 0.7443707652460294 182.24987696850394
0.6169637175861759 0.9904444480860621 6.185654527559055 0.7430264741648062 182.72170275590554
0.634116892734949 0.9903193318584245 5.968873031496062 0.7509707735961273 175.3235728346457
0.6204786344490713 0.9902984254099653 6.18011811023622 0.7297522307948352 174.1048228346457
0.6277084351739218 0.9905964944794173 5.984251968503937 0.7502292415222467 175.72625492125982
0.6426769328613902 0.9896188918100636 6.0658218503937 0.7391980689205575 172.86614173228347
0.6428175739371633 0.9898671677485666 6.054256889763779 0.7473081768988585 177.97317913385828
0.6367827728151341 0.9906130763082158 5.885334645669292 0.7546088885328558 172.81606791338584
0.606954921980124 0.9909860630088533 6.087106299212598 0.7326065830292178 170.77325295275585
0.6213531378101144 0.9908110977616141 5.997662401574803 0.7358522688859813 167.97982283464566
0.6107348338303951 0.991218228915347 5.996062992125984 0.7393973191965384 168.98720472440945
0.6395364916992777 0.9905507952515391 5.87992125984252 0.7423311008656174 164.7693159448819
0.6235154045184654 0.9901166562620624 6.189714566929133 0.7398675408832969 181.82886318897638
0.6194598135280089 0.9903539764966932 6.1856545275590555 0.7434712561497467 182.6588336614173
0.6201591936308377 0.9905196108483297 5.9982775590551185 0.7540535809206861 183.56065452755905
0.6324298738171835 0.9904216200725766 5.9735482283464565 0.7506835843762288 175.33538385826773
0.6164467603953229 0.9910377085261434 5.996186023622047 0.7398432320502883 169.0049212598425
0.6156208638579094 0.9904926001981612 6.197096456692913 0.7297742995318383 174.54675196850394
0.6357064010324389 0.9901243612088929 6.0580708661417315 0.749030733002854 178.83993602362207
0.6412338370955459 0.990373249733138 5.866633858267716 0.7574324040717022 173.46764271653544
0.6199820039801776 0.9905891793373539 6.076156496062992 0.748333092947506 179.50947342519683
0.6317474027454147 0.9895198176251054 6.18626968503937 0.7507290132212538 191.49052657480314
0.62981628384295 0.9906607031114408 5.897022637795276 0.7559635244139222 174.04613681102364
0.6233025789238075 0.9909731063839794 5.900590551181104 0.7530115897504408 173.2217027559055
0.6154460691181969 0.9904079422934159 6.206569881889763 0.7425850424485045 183.44721948818898
0.609288172526721 0.9913640352434828 5.997416338582676 0.7374560959961025 168.00172244094486
0.5873064362102207 0.9922741820262018 6.00209153543307 0.7232791379980728 157.2979822834646
0.6118030156858859 0.9911280693907425 5.999384842519686 0.7383962246585103 169.08033956692915
0.6174563712643162 0.9910192248430924 5.99052657480315 0.738092642257772 167.83735236220474
0.6279291808542086 0.9900870921439745 6.175565944881889 0.7342812887912991 177.94266732283467
0.6194036278839276 0.9904295192785204 6.179133858267716 0.7414765119351829 181.44992618110237
0.6247607875326455 0.9897397790084521 6.1979576771653555 0.751778704765372 192.84153543307085
0.6215078227309954 0.9903423015222714 6.173105314960629 0.7418160616161428 181.32135826771653
0.6244514517339121 0.9902118351434509 6.192298228346457 0.7409991369946363 181.90243602362204
0.6263648556320373 0.9899621453731519 6.164616141732283 0.743978382896537 182.5345718503937
0.6011653850744816 0.9906544363044505 6.2983513779527565 0.7266946140891044 177.70730807086616
0.6161355782212287 0.99111163316135 5.989665354330709 0.7371244577208481 167.79945866141736
0.6255149882741255 0.9897988903857288 6.277436023622047 0.7420105426883262 186.12007874015745
0.6113461903704941 0.9900308946293904 6.198818897637795 0.7467719205566377 190.70595472440945
0.6200896212702179 0.9903042765610813 6.189591535433071 0.7362423866465657 179.45214074803152
0.6383952228868366 0.9900063801049725 6.066929133858268 0.7489091127823827 179.09781003937007
0.6408905779135927 0.9888750138635578 6.180979330708661 0.7514138295884405 191.49409448818898
0.6393410680942476 0.9894744757363231 6.159571850393701 0.7424041295385043 181.21542814960628
0.6033750814088739 0.9911584227182098 6.097687007874016 0.7342064945777547 171.07468011811022
0.6221388722068556 0.9908140364388291 5.99261811023622 0.7369080212347021 167.92236712598427
0.6129087034026647 0.9911896372827791 6.0017224409448815 0.737844072816235 168.08489173228344
0.6155963862384614 0.9910335549440785 6.000246062992126 0.7399031618002384 169.1236466535433
0.6094133886913148 0.9909474065211914 6.097687007874016 0.7290051722538038 169.8506397637795
0.6088775788404376 0.9912674998398066 6.012549212598424 0.7359651615461227 168.29072342519686
0.6340783166762468 0.9902690394941615 6.07357283464567 0.7460192063139155 178.1994340551181
0.6231180967831486 0.9901565104317127 6.186023622047244 0.7435893404248777 182.74126476377953
0.6172680452416098 0.9905057843902201 6.193528543307086 0.7409971959235327 181.75049212598427
0.6288010375969908 0.9898081170054213 6.182947834645669 0.7388701267334701 180.54564468503938
0.6278327802989598 0.9906010451666758 5.983021653543307 0.7503177122854799 175.63730314960628
0.6299490975063577 0.9905163352309819 5.96875 0.7510779260820323 175.41855314960634
0.6248979518164174 0.9908374192341587 5.967150590551181 0.745839893988133 173.34731791338584
0.6152032586312978 0.9910907293775727 6.009104330708661 0.7367866798065777 168.2308070866142
0.6432644091189388 0.9895069084928364 6.0232529527559056 0.7517767491207974 184.40071358267718
0.6489700452778921 0.9891833365148289 6.05843996062992 0.7574061010971886 188.44217519685037
0.635042390559619 0.990019229916444 6.057455708661417 0.7465638496989017 177.91018700787401
0.6392617500941503 0.9903709492261927 5.890871062992126 0.7587768607738846 175.10469980314963
0.6294647184380584 0.9906593756619507 5.966781496062992 0.7460634367533111 173.140625
0.601787909619796 0.9911594718886123 6.10199311023622 0.7323092747912401 171.0613927165354
0.6167577978351945 0.9910171214628493 5.9890501968503935 0.7359673125724393 167.81532972440948
0.6356087985651991 0.9901067477069307 6.068036417322835 0.7483027719654634 179.16240157480317
0.6222831516756343 0.9902529032332131 6.1952509842519685 0.7432532919430991 182.74901574803152
0.6205267644666351 0.9901985137319218 6.200172244094489 0.7393274486310224 182.19242125984252
0.6236085160114151 0.9907831400975893 5.983021653543307 0.75031657128527 175.66510826771656
0.6022852737155002 0.9916115660425328 5.996186023622046 0.7368892518042276 167.8816437007874
0.6115853718154535 0.9912181596001726 5.996186023622047 0.7397947625662435 168.99717027559055
0.6314644481303052 0.9903080445821686 6.052534448818897 0.7442293459408701 176.5239911417323
0.6238497474399753 0.9904308844893297 6.070866141732283 0.7479261985949381 179.13312007874015
0.6351514836451311 0.9899912367937984 6.0738188976377945 0.7465289028053753 178.41806102362204
0.6328891613084221 0.9901846009283133 6.064837598425196 0.7443578798285237 176.98622047244092
0.6293701464378767 0.9903397897354469 6.058932086614173 0.7516651391896962 180.0562253937008
0.6230786271994101 0.9903760402904075 5.997416338582677 0.7574490096371636 185.3667568897638
0.6295587893525422 0.990498639913471 5.99175688976378 0.7499005372021954 175.74950787401576
0.6298879419361392 0.9905069066359025 5.9830216535433065 0.7502559489202172 175.59694881889763
0.6178800113093443 0.9902504004815941 6.2017716535433065 0.7455420631843637 184.49224901574803
0.6073291510032536 0.9913551590138929 6.006520669291339 0.7349666629170593 168.19328248031493
0.6440049727480861 0.9904057170207445 5.86884842519685 0.75232694334739 171.44402066929135
0.6156855693417247 0.9907708332493823 6.093380905511811 0.7332576972528636 171.33599901574803
0.6245271185986391 0.9901838203299761 6.1735974409448815 0.7441066224986379 182.18786909448824
0.6280520422354802 0.9904874808204558 5.9795767716535435 0.7452110363404203 173.36687992125985
0.629194624509766 0.9904972568650551 5.991756889763779 0.7498863882519164 175.7869094488189
0.6188972689746025 0.9903263042192453 6.209768700787402 0.7425643617837563 183.20041830708664
0.6275872491222296 0.9905912029678144 5.99384842519685 0.7497753505752631 175.81569881889763
0.6302423574915315 0.990575666812238 5.978223425196849 0.748069997296635 174.50922736220468
0.6155105224633021 0.9904317239369367 6.187992125984251 0.7334625481912427 175.4646899606299
0.6047601831923431 0.9909718987633558 6.135580708661418 0.7285281619302566 171.96862696850394
0.6351916864756784 0.9893789878947107 6.264763779527559 0.7468798307230433 193.83784448818895
0.641717682743242 0.9893382367445694 6.096333661417322 0.7547755185404321 188.70558562992122
0.6353721686910342 0.9889295937496712 6.179379921259843 0.7535322924719238 196.8195127952756
0.6362394169917517 0.9901075141021486 6.0639763779527565 0.7489309580159209 179.13656496062993
0.6367554003077868 0.9904787710213632 5.869463582677166 0.7542851847885125 172.38570374015748
0.6378627328695615 0.9901650063795915 5.975270669291338 0.7479371261444346 174.47367125984252
0.5294653893400342 0.982869796143223 9.768700787401574 0.6857902344356539 374.95767716535437
0.528498306744921 0.983055571621613 9.760949803149607 0.6839502360960815 372.8678641732283
0.5660218983778097 0.9820179076438073 9.426304133858268 0.7117250598733857 383.77226870078744
0.5465838125203589 0.9809209535697075 10.050442913385826 0.698275883605405 413.509842519685
0.5460965450639326 0.9823544239931083 9.62746062992126 0.6966937108409506 380.23093011811017
0.5511621049282517 0.9818186934683301 9.698080708661417 0.7053176345239924 397.1433316929133
0.5387183111921702 0.9817514863852111 9.681471456692913 0.7052983374935251 394.61134350393706
0.5458130055564925 0.9815489637226484 9.859990157480315 0.6994893837617441 402.2431102362205
0.5384844945570554 0.9825025116409678 9.689222440944881 0.6964475321834187 384.9185531496062
0.5154205014155695 0.982647665669143 9.987450787401574 0.6794162045913041 391.6604330708662
0.533776636860075 0.9828130435711779 9.604207677165354 0.7107152188773318 396.07431102362204
0.5445856488543133 0.9822506020053607 9.677411417322835 0.6922262294509886 382.1972194881889
0.5273662021421766 0.9824964924258984 9.800442913385828 0.6877382366842375 387.4500492125984
0.5181545913364548 0.982777100460313 9.981053149606298 0.6798294455030115 393.21887303149606
0.517346146259861 0.9829246545118773 9.98806594488189 0.6783627877163168 382.76451771653547
0.5240894147210305 0.9828647219007418 9.812253937007872 0.6845958152615352 384.8118848425197
0.5404634289112432 0.9829405697470874 9.55954724409449 0.6948547764319627 375.78112696850405
0.5369705804897764 0.9822473609939123 9.893577755905511 0.6843664019173097 388.302780511811
0.5749909249866629 0.9806851954889112 9.621432086614174 0.7093918248016379 393.7640255905512
0.5480442514833173 0.9801758653705976 10.122785433070867 0.6894600692163892 410.76131889763775
0.547018266565217 0.9817118787646298 9.759227362204724 0.7052709357109193 399.6564960629922
0.5573013820171061 0.9814028858784408 9.659202755905511 0.7057594187883655 393.79183070866145
0.5424934414427738 0.9814088154946476 9.952017716535432 0.695409542568138 403.7189960629921
0.5266408206440952 0.9813814560276435 10.182332677165356 0.6802317172050811 406.44069881889766
0.538055500015831 0.981562132363409 9.996186023622048 0.694103011495032 405.94586614173227
0.546462972979242 0.9812010379317067 9.972317913385828 0.698782226748849 407.4500492125984
0.5329172414768463 0.9819948758684895 9.949311023622048 0.682614201877906 390.4307332677165
0.549966771630435 0.9812187241352794 9.888533464566928 0.6970774262031043 402.160187007874
0.5213546855761416 0.982624610168149 9.986343503937007 0.679402301554306 384.052903543307
0.529681761899737 0.9834349816088707 9.56163877952756 0.6889539915163329 365.7984744094488
0.5413046291136985 0.9817076392329265 9.914370078740156 0.6927850225134854 395.0642224409449
0.5511997558732802 0.9830179530947861 9.44279035433071 0.6994919509095673 370.5484744094488
0.5643474974815569 0.9801379232090796 9.926673228346456 0.6946535021848987 402.1664616141732
0.5522318690243873 0.9820761402658775 9.613681102362206 0.6920352683528875 377.4187992125984
0.5454751887227723 0.9809163395259228 10.004675196850394 0.6814607273891014 394.7810039370079
0.5440035957531204 0.9819810295154047 9.81336122047244 0.6835681692415658 382.44992618110234
0.5411981058224961 0.9820605509918614 9.825172244094489 0.684571503629254 384.19045275590554
0.5389701131620034 0.982126196994589 9.836860236220474 0.6839012235983326 384.6200787401575
0.5470054130592968 0.9823397161294701 9.68503937007874 0.6959066985905826 383.3054872047244
0.5408397957110259 0.9834625977459014 9.486589566929133 0.6931272113229683 362.0830462598425
0.5464942932869733 0.9804376462009131 10.177288385826772 0.6881357628774991 413.4253198818897
0.5589951695324156 0.9827242906450578 9.321850393700789 0.701847502556609 367.26021161417316
0.5320655119528831 0.9816402410219908 9.952878937007874 0.6963835223150197 405.8441190944882
0.5446051258405763 0.9816653664605791 9.661909448818898 0.7074815615415841 406.3415354330708
0.5419724179997545 0.9803233853176477 10.25 0.6889387302562032 418.5652066929134
0.5438149531649648 0.9815628467605487 9.862573818897637 0.6924159646357071 392.9678887795276
0.5466510825054876 0.9807449555419772 9.839689960629922 0.6999585504268617 413.57443405511816
0.5545085351420379 0.9816219013821164 9.684547244094487 0.7032226704093296 393.1334891732283
0.5623616330957916 0.9819400376809321 9.486343503937007 0.7095118543934946 385.42679625984255
0.5492238569043671 0.9819288271797649 9.700418307086615 0.7030268093422822 393.6681840551181
0.5252132934363944 0.9827446592992637 9.793184055118111 0.684069197391182 382.85063976377955
0.5363053411973798 0.9818754933454489 9.975024606299213 0.6826070433881121 392.5497047244094
0.5290247821556482 0.9828865841405302 9.76316437007874 0.6817285639872377 372.9607529527559
0.5462053900557636 0.9813576396911677 9.945866141732283 0.6846716582362281 391.64812992125985
0.5439544063762621 0.983773160638951 9.20435531496063 0.709027458711855 362.9478346456693
0.554520661965698 0.9830117784584096 9.306594488188974 0.7055703882430412 368.01033464566933
0.5441855181502244 0.9820478474690864 9.694758858267717 0.6887125366682403 381.6272145669292
0.5440935525990772 0.9815289323533984 9.86478838582677 0.700605331349535 404.19783464566933
0.5605742557081742 0.9820526228715818 9.477362204724411 0.7150883343124745 389.15735728346465
0.5408032987910586 0.9802317268047923 10.268823818897637 0.6748709012232026 406.09448818897636
0.5387047257797523 0.980382498427394 10.289370078740156 0.6811560037788356 410.46665846456693
0.5446927671338413 0.9814478153269026 9.898006889763781 0.6878368980222576 391.81360728346453
0.5509544910810034 0.9803182342911599 10.14640748031496 0.6796466284095325 400.5093503937008
0.5292571294317566 0.98234178665553 9.93959153543307 0.6745481791489785 379.5973179133858
0.5278981650244188 0.9829751082503067 9.750123031496063 0.6864432839915323 374.4306102362205
0.550268141866615 0.9820713226236312 9.630290354330707 0.6957426167775385 380.7711614173228
0.5463581757365765 0.9818179092082047 9.84128937007874 0.6902382285251185 389.6535433070866
0.5526158268869307 0.9823353522513624 9.51476377952756 0.6955533795186777 374.6608021653543
0.5602905390978318 0.9821080256959556 9.432209645669289 0.7014730045921087 371.92039862204723
0.547408805499319 0.981044591044853 10.00578248031496 0.67955408886607 393.8412893700787
0.5582933552809937 0.9801051690762386 10.022268700787402 0.690519656194641 404.8528543307087
0.556149279593108 0.9811547326140845 9.84215059055118 0.6998026048304924 401.2797736220472
0.5607515917362119 0.9811423416279008 9.640994094488189 0.7028065328815609 390.44697342519686
0.5520166918204301 0.980914924269092 9.846087598425196 0.7008509930496193 402.6641240157481
0.5597975455732074 0.9792938308599887 10.028297244094489 0.6977124321000581 423.7506151574803
0.5419802450461901 0.9806087047167695 10.12290846456693 0.671811477373546 392.9966781496063
0.5592972230249388 0.9812493516259974 9.65871062992126 0.6924918030780925 380.20632381889766
0.549178656227745 0.9808153117938124 10.01353346456693 0.683063152034598 396.2201033464567
0.5331997110699834 0.9814741390360229 10.075049212598426 0.6771659954379524 395.14493110236225
0.543591626915697 0.9818763741771973 9.831077755905513 0.6849112034964268 384.39899114173227
0.5396950082464812 0.9819266039123 9.87044783464567 0.6831691512808935 386.8346456692913
0.544883189304631 0.9817840829368739 9.84288877952756 0.6865484936668204 387.4685039370078
0.5463084502674108 0.981886557546775 9.851993110236222 0.6911650397569993 389.9665354330709
0.5509611465405064 0.9826495934412559 9.461614173228346 0.6980369901843351 371.76611712598424
0.5462537532579849 0.9818351712543671 9.782849409448819 0.6999389841076926 397.39849901574803
0.5338119695512821 0.983179333711404 9.515994094488189 0.6959574202890818 374.3478100393701
0.5448132769389444 0.9827165715434838 9.51316437007874 0.7085197294218152 385.7711614173229
0.5431035979863258 0.9816639638178241 9.64800688976378 0.7092426144215088 407.80241141732284
0.5502553092578919 0.9811750206049235 9.861958661417322 0.700922934429454 402.6877460629921
0.5545062489638031 0.9809174417972619 9.861097440944881 0.7011815484738431 402.4445127952756
0.5259029186151337 0.9820765273367804 9.98351377952756 0.6914979671980976 403.36503444881896
0.5585496996883449 0.9813906093474167 9.65748031496063 0.7043600887053564 392.4357775590551
0.5559976598941863 0.9821121903332862 9.485359251968504 0.7097524695318 385.67408956692907
0.5579947053709755 0.9814641268457516 9.678272637795274 0.7070029648437641 395.6722440944882
0.5314510919385845 0.9814314758671614 10.135826771653544 0.6779332696176475 399.03112696850394
0.5366454258047607 0.9823525699696395 9.78371062992126 0.687625628440393 385.4084645669291
0.5352354970567099 0.9832840084178772 9.56003937007874 0.6874413309148615 364.09793307086613
0.5405293533240365 0.9816017090285706 9.96468996062992 0.6820785591363683 392.58932086614175
0.5392688081938687 0.9833677554653039 9.40218996062992 0.6999916385714895 370.75824311023615
0.5547005404757861 0.9823127381199291 9.492125984251969 0.7030637927242408 377.6644931102362
0.525040999671552 0.9931175022437275 5.990649606299213 0.6870431413824143 144.61048228346456
0.5269364361254529 0.9926768514011224 6.18134842519685 0.6777996745878525 149.47723917322836
0.5379830755190524 0.9921265876436324 6.202755905511811 0.6957823338805391 161.92101377952756
0.5233395709839603 0.9927302952093052 6.190575787401574 0.6717390560845541 147.70238681102362
0.5607033384570992 0.9920657882489354 5.894315944881889 0.7283723085559348 162.44365157480314
0.5523833714580589 0.9917277516174401 6.199187992125984 0.6930528656752583 159.75861220472441
0.5835209865844581 0.9913287874864289 6.078371062992126 0.714666101885596 164.68048720472444
0.5875231872384036 0.9903882187647992 6.118725393700787 0.7188277437165411 173.10716043307087
0.5987949675437729 0.9894322391185763 6.108021653543307 0.7343968570790851 182.98929625984255
0.5944049930358254 0.9886989384947811 6.4200295275590555 0.7307328358126703 200.47908464566927
0.5962336312389096 0.9885882481516818 6.583538385826771 0.7345390151869519 214.11909448818898
0.5948746755634831 0.9892624481717983 6.324064960629921 0.7354462941333417 197.93762303149606
0.5930623806831129 0.9893400253421955 6.321727362204724 0.7356444366890866 198.11048228346456
0.6036211452705705 0.989763003229626 6.22244094488189 0.7294323051501246 187.09694881889766
0.546017064608322 0.9922581129175734 5.993602362204724 0.7116986255006048 158.42974901574803
0.546718191937412 0.9919944589023575 6.199926181102362 0.6986319208158964 162.89370078740157
0.5495042040486702 0.9919267889561612 6.157111220472442 0.7019010233909458 160.9149852362205
0.5572705400800799 0.9915707118668862 6.134596456692914 0.7146468008818454 168.04343011811025
0.5842617040982762 0.9912035159498882 6.06619094488189 0.7204938444869249 166.73597440944883
0.595851119009084 0.9910605802769444 6.019192913385827 0.7203029311852734 164.73388287401573
0.5320817205422451 0.9926522695037564 6.010211614173229 0.7055608870264686 155.6405019685039
0.5389594128309726 0.9924954324643978 5.999753937007874 0.7050263644608041 155.47650098425197
0.5377742510130815 0.9924980907373315 5.999753937007874 0.704069858234421 155.423843503937
0.5428707569516478 0.9923668886457776 6.002337598425197 0.708517324384205 157.58341535433073
0.5501287070285102 0.9918683156459749 6.149237204724409 0.6951298433825004 158.60605314960628
0.529813957184901 0.9926230420907312 6.128444881889763 0.6779280585750965 147.38804133858267
0.5565841266866965 0.9917741176228774 6.206446850393701 0.6934130044967275 159.86528051181102
0.5593778810824906 0.9914457302961325 6.196358267716535 0.7063394969234328 167.98572834645665
0.5551459156941227 0.991621580525895 6.27755905511811 0.7091624216288583 171.65809547244095
0.5747713375001234 0.9916626560690112 5.849655511811024 0.7380429277490439 168.5798474409449
0.5516016862704634 0.9913170282882071 6.4702263779527565 0.7002500678926094 177.05622539370077
0.5646585767815039 0.9917611807065058 6.078124999999999 0.7180712389352665 165.88152066929132
0.5578414775484581 0.9919670270390172 6.031496062992126 0.7172926198958323 163.53038877952758
0.5555288199656524 0.992010600648569 6.002337598425196 0.714175135396218 160.69771161417324
0.5521923627569543 0.9925602243503373 5.8955462598425195 0.7233875107213408 159.30228838582678
0.5605658849576728 0.991958807742185 5.983390748031496 0.7172512406240663 161.26857775590548
0.5263869453888532 0.9923712375277237 6.1983267716535435 0.6931394908922268 160.77805118110237
0.5372967216285613 0.9921346346684857 6.1529281496063 0.6962401558058955 159.82997047244095
0.5407893529026704 0.992123107285472 6.205093503937007 0.6932252581258911 160.87635334645668
0.5472055144009396 0.9920056559244579 6.138164370078741 0.6968605869857089 159.49926181102362
0.5460558326128447 0.9920481579834414 6.207062007874016 0.6923081291903853 159.98351377952756
0.5569186364552621 0.9916717604925703 6.1857775590551185 0.7102096829937667 168.37204724409446
0.5801195448017299 0.991148069960157 6.1200787401574805 0.7093663875906971 164.61085137795277
0.5763624509676152 0.9913110227026827 6.119832677165354 0.7093728454994288 164.63201279527559
0.5965530128591967 0.9909000603592477 5.890748031496063 0.7337256717773145 168.3238188976378
0.5512158411876826 0.9921833226963747 5.9580462598425195 0.7154884014550682 157.59891732283467
0.5378519241751544 0.9925393841828912 6.008489173228346 0.7039084342968528 156.55339566929135
0.5399530057159603 0.992075487066307 6.194266732283465 0.6957880492306607 161.68897637795274
0.5217050674557373 0.9932194515838424 5.993725393700787 0.68381145914146 143.70078740157481
0.5302062342714848 0.992252807127848 6.208046259842519 0.6926624941182421 160.93356299212599
0.5461317112486792 0.9922627413387414 5.98929625984252 0.7118147528551776 158.3168061023622
0.5462127269064468 0.9919275054281601 6.190575787401575 0.7074916871743676 167.35986712598427
0.5406955989274882 0.9924361916941271 5.993110236220472 0.7085127866135046 157.35039370078738
0.5527211355882068 0.9922419773845836 6.000492125984252 0.7044507724070628 155.42335137795274
0.5519459347209977 0.9923575332820033 6.000492125984252 0.7078028326236205 156.47207185039372
0.5727773615495564 0.9912964937113246 6.191313976377953 0.7057583632425252 166.25049212598427
0.5721054392445273 0.9915925650538947 6.087106299212598 0.7126524543790159 164.38459645669292
0.5549054366056095 0.9915817883023413 6.27878937007874 0.6991974819841738 167.3833661417323
0.5599566988119844 0.9912575129162792 6.0920275590551185 0.7303080024675429 177.34781003937007
0.5466380403766657 0.9918085024935452 6.2263779527559056 0.7116810505067293 170.5816929133858
0.5504570134286603 0.9916477844947712 6.270423228346457 0.7094196712777175 171.34990157480314
0.562866351484216 0.9909339272483091 6.221456692913385 0.7226103320591483 179.65120570866142
0.5817980128105262 0.9904548068138812 6.189714566929134 0.7148495053236456 174.24778543307087
0.5731966563620841 0.9907913143810616 6.199064960629921 0.713248314601205 174.3004429133858
0.5968998084100333 0.9895356896913383 6.208169291338583 0.7427612813941283 196.79429133858267
0.5957022672171853 0.9898229238664678 6.197834645669291 0.7332900438733911 187.62155511811022
0.5840355592684325 0.9906406019279372 6.006643700787401 0.7420788846767514 181.42568897637796
0.5972995344022456 0.9900464468867921 6.006889763779527 0.7530308500802141 190.9295029527559
0.6123342943135829 0.9898845634400968 5.8519931102362195 0.7542755355741242 183.29859744094486
0.5729052800487325 0.9899344382075461 6.591289370078741 0.7108439017790953 191.99089566929132
0.581077202354689 0.9911286311131932 5.978100393700788 0.7270539380154522 169.9298720472441
0.5901997895986464 0.9908711236801497 5.854330708661418 0.745247713825687 176.2683316929134
0.5231214143092435 0.9930149967416808 5.996801181102364 0.686338307176823 144.69156003937007
0.5375871392136453 0.9924816738072948 6.18134842519685 0.6805907612327213 150.45632381889766
0.5428833458834625 0.9924283284237543 6.003198818897638 0.7069473551298964 156.52276082677164
0.562442396674922 0.9918430730690468 6.035679133858268 0.7086836821932185 158.1691683070866
0.5527818604185887 0.9920559400708121 6.079478346456693 0.7055462632770602 159.10556102362204
0.5564225670024249 0.9915110427003888 6.278420275590551 0.7072505403573212 170.56471456692913
0.5548346796018637 0.9910980700561494 6.294537401574804 0.7222251189179465 183.23597440944883
0.5518323931607276 0.9916363137233275 6.226254921259843 0.7075455388954173 168.66510826771653
0.5591710370141795 0.9915710585132992 6.182086614173228 0.7120121067398335 168.41227854330708
0.5623606573755507 0.9909328471573283 6.283341535433071 0.7201058239005736 181.6023622047244
0.5440890874511712 0.9921475379769451 6.0984251968503935 0.7190761641633098 167.21948818897636
0.5611980446910042 0.9913812659340902 6.093011811023621 0.7250908624971374 174.04908956692913
0.5869224644185649 0.991257888292078 6.073080708661418 0.7205345690845367 166.69820374015748
0.5460561583244979 0.9919277207989085 6.2052165354330695 0.6919315141624193 160.9035433070866
0.5298638450808741 0.9930152561188419 5.937253937007874 0.6928041712538419 144.49261811023626
0.5482723140960881 0.9923603223605025 6.002214566929134 0.7072737908068538 157.48720472440945
0.5564629358193317 0.9916129714898861 6.193159448818897 0.7121306656534852 169.3959153543307
0.5539225078168865 0.9921916446719062 5.990403543307085 0.7041525422910824 155.1419783464567
0.5460743632180067 0.9920538554705226 6.15501968503937 0.6979630690287889 159.88361220472441
0.5636429483101117 0.9911749522548282 6.337475393700787 0.703134182507307 172.17076771653544
0.5832364810935732 0.991262589092746 6.063115157480315 0.713705571976872 163.642593503937
0.5804899330435103 0.9910499664811421 6.219365157480315 0.7048462721404621 167.10063976377953
0.5736852726178758 0.9892883945388583 6.823449803149607 0.6850188168166059 191.68454724409446
0.563125943129218 0.9910110327091145 6.186884842519684 0.7132479418726694 173.0964566929134
0.56774732500043 0.9913382623892245 6.08021653543307 0.7228859245219691 169.3337844488189
0.5255161279845764 0.9930176155659578 5.984251968503937 0.6924100198257136 146.3722933070866
0.5457118835619508 0.9923359468134001 5.9427903543307075 0.7017404118942467 152.08686023622047
0.5409472360148643 0.9923637086439298 6.0109498031496065 0.711358099705908 158.7156742125984
0.6523588140637195 0.9913123933396641 5.320127952755905 0.773939266645561 155.28001968503938
0.6585676138354485 0.990789913283288 5.335383858267717 0.7846513333723233 164.82369586614175
0.6534154340017843 0.9908642120473556 5.340551181102363 0.7786492421895622 162.01254921259843
0.643941479202624 0.9918753130401587 5.137057086614172 0.7838502314882871 150.9876968503937
0.6452239456574401 0.9918615142135322 5.133981299212599 0.7774031108353535 147.7546751968504
0.6563662399378541 0.9914249769070737 5.143208661417322 0.7768208018806018 151.7014025590551
0.6581836517559385 0.9916985030029459 5.093011811023622 0.7820326315081907 147.92162893700788
0.6614921250041387 0.9913630498499026 5.131889763779528 0.7774832495616141 147.8125
0.6587405483691741 0.9911585583921594 5.191929133858268 0.7758511526874661 150.78690944881888
0.6274098713451146 0.9920204568921809 5.284079724409448 0.760425302849729 144.83562992125985
0.652363477870834 0.9909738923866921 5.27386811023622 0.7659244599175933 150.2410187007874
0.6306944839804213 0.9923196725506731 5.197834645669291 0.7814867257081574 152.4900344488189
0.6444561460659181 0.9919579701944802 5.204478346456693 0.7713379783427037 145.7154281496063
0.6333936965553787 0.9922426149480843 5.193405511811023 0.7638019296461895 142.24520177165354
0.6320379363587603 0.9923115156568784 5.202509842519685 0.762591488775274 143.3267716535433
0.6420639829740887 0.9920487469437759 5.203371062992125 0.7719896674858271 145.7400344488189
0.6257672044813029 0.9927709576261777 5.18996062992126 0.7546183997455147 134.15834153543307
0.6789475414054782 0.9904980457309662 5.095964566929134 0.792654728159126 156.91203248031496
0.6653934707721143 0.9895565340155018 5.552042322834645 0.7726590185815752 174.72293307086616
0.6611361626542891 0.9919880394626276 4.9483267716535435 0.7876880731109529 143.36355807086616
0.6391202910195013 0.9918445363709931 5.208538385826771 0.7737315539473903 149.75442913385828
0.6558951332541957 0.991520291448612 5.1986958661417315 0.7768339485039378 150.8351377952756
0.6268238721329209 0.9924055364481981 5.218749999999999 0.7706615825358394 145.89345472440942
0.6322308589447612 0.9923870985501053 5.206200787401574 0.7670223717750535 143.52940452755902
0.6221000582808675 0.9925612814816157 5.208661417322835 0.757072129479772 140.28678641732284
0.6525438035807826 0.9922052321516373 4.963090551181102 0.7777724845895917 139.80499507874018
0.6555593431469027 0.9911824102936837 5.1459153543307075 0.7840312993343299 154.73289862204723
0.6383315744717639 0.9917658529887445 5.320620078740157 0.7711272584030956 154.05868602362202
0.6536980740564841 0.9913766666411258 5.152189960629921 0.7881660972104139 157.40243602362202
0.6497711882584061 0.9910502120265431 5.347810039370078 0.7825352349655226 164.18749999999997
0.6523369795780096 0.9912144367810147 5.281988188976378 0.780373991959526 160.08649114173227
0.6598119774278175 0.9913855092800132 5.096087598425196 0.7890220906352876 154.6359498031496
0.6575363144684319 0.9915635442385928 5.1360728346456686 0.7817582318122412 149.99274114173227
0.6495546845174114 0.9916296260501659 5.198080708661418 0.7739157568412507 149.75861220472441
0.6440320430115559 0.9919025476942126 5.198080708661418 0.7789934002856453 151.90268208661416
0.63582675379874 0.9920115680225682 5.211737204724409 0.7781500812170841 151.93097933070865
0.6431541385979442 0.9920445856646645 5.209891732283465 0.7734429904193586 145.8518700787402
0.6381584817599035 0.9922246556122606 5.205954724409449 0.7732945446398227 145.7276082677165
0.6339436222341669 0.9922280848459065 5.212106299212598 0.7685433058444745 144.8254183070866
0.6279044658738816 0.9928723429103691 5.010211614173228 0.7770757596789759 139.21764271653544
0.6349603304858098 0.992626836052676 5.19943405511811 0.7486100630984939 132.35974409448818
0.6349779769783973 0.9921495641253836 5.208292322834645 0.7676782690782182 144.67667322834643
0.6682579979170333 0.9910778403763043 5.1514517716535435 0.7859224090424378 156.06742125984252
0.6646623737298074 0.9912029378255602 5.0986712598425195 0.7935410636827891 156.93909940944883
0.6501649377342419 0.9918935917301214 5.08759842519685 0.775122735771918 144.58526082677167
0.6614409801141414 0.9909073500507445 5.193282480314961 0.7928298086940357 161.87512303149606
0.6421871689507428 0.9915495703987315 5.396776574803149 0.7675494071473835 152.07640255905508
0.6400845037613444 0.9921436211845202 5.202509842519685 0.7719053420192806 145.6097440944882
0.6598557130018905 0.9913205746602977 5.200787401574803 0.7764810635332121 150.84842519685037
0.6445579803940586 0.9920741301093764 5.21259842519685 0.761719366773717 141.59116633858267
0.6344157239744271 0.992233965215228 5.208169291338582 0.7698960204843956 144.7140748031496
0.6547656926863511 0.9915688735075108 5.1393946850393695 0.7790580428253921 149.08882874015748
0.6381387587574343 0.9918523763461454 5.20435531496063 0.7755987927378057 151.03703248031496
0.6351894226020314 0.9922972399246889 5.210014763779528 0.7677919044681927 143.70410925196848
0.6707411498265059 0.9910926937886021 5.136195866141732 0.7774493113906524 148.11528051181102
0.6599674188296891 0.9912493110253985 5.136687992125983 0.7934235114874628 158.98154527559055
0.6515697852293875 0.9909758690646714 5.340551181102362 0.7826254610545967 163.92728838582676
0.653520018236184 0.9913626559814044 5.141978346456693 0.7932353455550388 159.0394931102362
0.65052589128724 0.9913833314399062 5.1545275590551185 0.7852732096669943 156.54281496062993
0.6519611657003296 0.9909080900963139 5.200541338582677 0.7843456518224552 162.04146161417324
0.6392631352839546 0.9918586402885126 5.1919291338582685 0.7745484602699643 149.51833169291336
0.6396948426858132 0.9917873146297966 5.193774606299213 0.7768322531126427 150.64308562992127
0.6456348988058441 0.991731535020601 5.209891732283464 0.7810377925407703 153.35851377952756
0.6326791898776156 0.9920978158529266 5.195004921259843 0.7638849899767632 142.28912401574803
0.6165873760413672 0.9928731256011696 5.190083661417323 0.7487265076589693 132.17212106299215
0.6140697075460663 0.9927871237751539 5.206200787401574 0.7661626085581867 143.4175688976378
0.6102827771880212 0.9929002782077178 5.189837598425196 0.7487622640981124 132.17064468503938
0.6295168261679523 0.9927054681059602 4.947096456692913 0.7742146948531798 136.2995816929134
0.6358826785355381 0.9919257304294994 5.137057086614172 0.7809994449695006 149.7885088582677
0.652691438564287 0.9910563154369919 5.146653543307087 0.7767595888201051 151.95054133858267
0.6602153863610372 0.9898230346489425 5.431840551181102 0.7635710905289679 159.873031496063
0.6537039902768742 0.9915513102798817 5.202017716535433 0.7790319681298927 151.80708661417322
0.6403059412510286 0.9919197859186611 5.191806102362205 0.77650287614705 150.75492125984252
0.6481101747308793 0.9918647471956125 5.209153543307086 0.7730823088336667 145.7333907480315
0.6303745411087829 0.9923919420387698 5.206200787401574 0.7649702096051366 143.3943159448819
0.6714790129662037 0.9907374612912662 5.032849409448819 0.7817006040855435 149.07443405511813
0.6452295524972398 0.991162858747881 5.340551181102362 0.7807187902851642 162.84190452755905
0.6490848721358584 0.9909930791223658 5.34498031496063 0.7753290109756905 161.36589566929135
0.6606558846204033 0.9909907758999734 5.154527559055118 0.7790391766213091 153.18873031496065
0.6614121221245637 0.990980744114941 5.138656496062992 0.7906620353080143 157.28518700787401
0.647354081727114 0.991786046868579 5.131643700787401 0.7773477487996799 147.5618848425197
0.6451039558182605 0.9918537172040254 5.144931102362205 0.7766465179690455 147.89037893700788
0.6484245763702158 0.9915955996483014 5.160063976377953 0.7847746011012111 156.5720964566929
0.6476050791497365 0.9915764090829127 5.204109251968504 0.7789022298049598 152.03998523622047
0.6528984980410844 0.9916081458098127 5.201402559055118 0.7762127502323253 151.0182086614173
0.6370800981730608 0.9921519388549175 5.212229330708661 0.7738027085828117 146.88742618110234
0.6392608384718722 0.9921400274881128 5.205954724409449 0.7721755127845777 145.7237942913386
0.6331534357500503 0.9927419480724502 5.190083661417322 0.7546990097295774 134.1345964566929
0.6364658963976656 0.9924786580995381 5.189960629921259 0.7518241230973096 133.18540846456693
0.6286947008224093 0.9923303650130227 5.210014763779527 0.7666815938609315 143.6058070866142
0.6589594666291968 0.9911533102790582 5.274606299212598 0.7745508222158259 153.34830216535434
0.6762564818147325 0.9909821249538454 5.084645669291338 0.7850234694983831 148.97490157480314
0.6513863374526978 0.991766720468355 5.139517716535433 0.783907748174125 150.90871062992125
0.6498916905642913 0.9915912715989413 5.180856299212599 0.7775804555679591 150.2645177165354
0.66903662170096 0.9908693796419981 5.188484251968504 0.7771607901690928 151.0209153543307
0.6429838743293186 0.9920531722031651 5.206200787401575 0.7726557637641378 145.66166338582676
0.6458778227753625 0.9917984479237248 5.198572834645669 0.7788830768845308 152.27669783464566
0.6677463808758547 0.9911389123136896 5.19820374015748 0.7675753543942031 143.4066190944882
0.6369449691089317 0.9925654796657254 5.18996062992126 0.7545806925184201 134.1546505905512
0.6648486412970557 0.9908540319028633 5.225024606299212 0.7656128851066956 148.09067421259843
0.571420568221929 0.9937432977932863 4.527805118110236 0.7789237984772797 117.9078494094488
0.5609168294481041 0.9939509799513125 4.577386811023622 0.7726025164689987 118.04712106299212
0.5813025190865178 0.9935373424684791 4.563238188976378 0.7814396020279527 122.89345472440945
0.5666283638173087 0.9934764607941198 4.862081692913385 0.7559691223933215 124.08919783464567
0.5503243789985087 0.9941590729482348 4.699557086614174 0.7486693247794967 111.64960629921259
0.5568491002550059 0.9933001872788023 5.040969488188976 0.7508571232808601 129.96395177165354
0.5588401913499066 0.9945604117992624 4.362204724409449 0.7678676000865281 103.98166830708662
0.5776063345034799 0.9942266600422586 4.155634842519685 0.7902400800944107 105.44734251968504
0.5477076864813027 0.9944535151415932 4.380167322834645 0.7692773691438376 105.18996062992127
0.5541150849933008 0.9947117084231833 4.203617125984252 0.7824909608433331 102.34448818897637
0.5554711613491404 0.9942341684683614 4.36761811023622 0.7728214968326503 105.95201771653544
0.5717993179965012 0.9942139287003596 4.205339566929134 0.7890535111303087 107.59239665354332
0.5971635465627221 0.9945494955362778 3.814714566929134 0.8069582316533549 96.96776574803148
0.5703284145144062 0.9943012269944004 4.208415354330708 0.7921000219336114 108.66523129921262
0.5716982318298229 0.9942780287049262 4.203740157480315 0.7858909306478403 106.51414862204724
0.5816576331385275 0.9941042919523125 4.155634842519684 0.7884236796308375 105.41301673228347
0.5751789351267725 0.9934439671674667 4.6703986220472435 0.7670043599412405 119.8467027559055
0.5844810668981563 0.9943378260452963 4.205339566929134 0.7838580459974827 105.83243110236222
0.6241507175671311 0.9935909287659074 4.343380905511811 0.7796774095355319 109.83378444881889
0.5861433914254637 0.9939412066394416 4.346333661417322 0.7785244450976315 109.79933562992126
0.557684115960838 0.9946866302484106 4.200664370078741 0.7750600270701049 99.50196850393701
0.6076372639975538 0.9938611038386516 4.01070374015748 0.79965190804268 102.3195127952756
0.5802179181009084 0.9944799996669 4.012426181102362 0.7963143416803697 101.31496062992126
0.5908930136105152 0.9931442203040262 4.557086614173228 0.7889473120974441 126.22957677165354
0.5595005845912766 0.993316891052462 4.906003937007874 0.7589255438519743 126.9970472440945
0.5927906129975933 0.9936864257156715 4.342765748031496 0.7815362694929289 110.7556594488189
0.5896963778439119 0.9933525613327217 4.5738188976377945 0.77935284538595 122.09424212598425
0.5714928076403245 0.9936370450601465 4.570866141732283 0.7815178089485484 123.34830216535434
0.5737247697678939 0.9936221433362243 4.576771653543307 0.7765488842479202 118.93565452755905
0.5867529736469129 0.9930617400568117 4.737696850393701 0.771592877234841 126.75221456692913
0.567507631409436 0.993795467250327 4.577386811023622 0.7714541292681694 117.97748523622046
0.6003971232214156 0.9925356553512874 5.069143700787401 0.7578087768900102 136.41670767716533
0.5692617865394243 0.9942710081584761 4.205339566929133 0.7886558245830926 107.57098917322834
0.5554104035095734 0.9947711560842373 4.200664370078741 0.7778217340642779 100.47920767716535
0.5588767291781486 0.9947043634714037 4.191190944881891 0.7838591641787629 102.24360236220474
0.5744848241179206 0.9949442592433536 3.8147145669291334 0.8072511946614693 96.94328248031495
0.5475969771047625 0.9945005501147711 4.392716535433071 0.7657038077755132 104.42445866141732
0.570193666213227 0.9939546423653698 4.405142716535433 0.7736573122932986 110.89763779527559
0.5413925320960788 0.994639342767727 4.380167322834645 0.7717883820805489 106.12672244094489
0.576014899177625 0.9933475006509966 4.948818897637795 0.7531691959096961 127.17925688976378
0.6331440880750264 0.9923099122549013 4.8470718503937 0.7553718719730457 123.87561515748031
0.6311973622034887 0.9935018695004723 4.568282480314961 0.762728596156803 110.95497047244095
0.570049426491393 0.9943637119927243 4.205339566929133 0.7883449634734898 107.58255413385827
0.5705759827922088 0.9943623422146021 4.203740157480315 0.7893306630274567 107.61774114173228
0.5457291707599934 0.9948973496188281 4.213090551181102 0.7795248460197408 101.6056840551181
0.5656012789959027 0.9950002271508189 3.991141732283464 0.7909863671135016 96.28531003937007
0.548225557809317 0.994397907703104 4.380167322834646 0.771777342813697 106.11109744094489
0.5413040698442582 0.9946826964004182 4.39271653543307 0.7684718407475417 105.38779527559056
0.5460976953631398 0.994494684691041 4.36761811023622 0.7756484277524027 106.92335137795277
0.5767961386007698 0.993079786819553 4.902805118110235 0.7558784844767676 126.12659940944881
0.5914448093891587 0.9932530464446786 4.519562007874016 0.7813071554869703 120.98093011811022
0.5943402692487134 0.993475902345133 4.578986220472441 0.7758643420308016 119.06754429133859
0.5655727965801612 0.9938588293644282 4.570620078740157 0.7721036989449944 117.79970472440945
0.568880356184025 0.9941165279077122 4.386195866141732 0.779346356661281 111.85851377952756
0.5710090352721245 0.9938293217390807 4.3858267716535435 0.78958599674158 117.78075787401575
0.5761010070531984 0.9930500211154538 4.755290354330709 0.7760916772587164 129.4089566929134
0.5549149224731734 0.9945370513984779 4.374138779527559 0.7728859772849975 106.05905511811024
0.5897173359783355 0.9933985668614187 4.768577755905511 0.7638901052593181 123.1525590551181
0.5490192665930804 0.9935365773628538 4.603961614173229 0.7792242851117791 121.36897145669292
0.5969015771937809 0.9947840384606317 4.00369094488189 0.7846417071189777 94.56569881889763
0.6204110314498735 0.9935338240281678 4.41203248031496 0.7826967655170189 114.21875000000001
0.5386720322816663 0.9942007137588927 4.589936023622046 0.7614742240194274 111.30302657480314
0.5713613342233084 0.9941509114939949 4.205339566929133 0.7920082549362424 108.64000984251969
0.5779218929701033 0.9941715513047077 4.208415354330709 0.7932378880509998 109.64222440944881
0.5496066319086995 0.9947840757351899 4.203740157480315 0.7772044808534851 100.46628937007874
0.5437170090984229 0.994589810086496 4.380167322834645 0.7721042225946575 106.15920275590553
0.540794573031456 0.9946821389983314 4.39271653543307 0.7684655616499194 105.40268208661419
0.555233597039647 0.9947968673369584 4.20066437007874 0.7722626072987966 98.53617125984252
0.5690943238135968 0.9940639678326234 4.351008858267717 0.7813546584265777 111.71727362204726
0.556643036464786 0.9937585033032735 4.594488188976378 0.7706453038838283 118.0904281496063
0.5565807883925813 0.9942046373262535 4.404281496062992 0.7824430894615035 113.92937992125984
0.6061851018814476 0.9938674641406992 4.406742125984252 0.7726395678504397 110.85863681102363
0.6314513479167086 0.9942933698704138 4.214443897637795 0.7671313291559456 97.71579724409449
0.6269897612752862 0.9935223489696328 4.356545275590552 0.7823056354660053 111.95558562992126
0.6185125840508867 0.9944926673839932 4.1642470472440944 0.7737691479198446 97.74975393700788
0.5515840479977181 0.994435837638214 4.380167322834646 0.7721073351290606 106.15095964566929
0.5620454178373652 0.9940075301340155 4.40378937007874 0.7785408314792486 112.95423228346456
0.5634943119868407 0.9938534002868074 4.404035433070867 0.7851495826905927 116.85469980314961
0.5701703179297818 0.9943324170077953 4.203740157480315 0.787576171249454 106.5445374015748
0.542591843503048 0.994558343356198 4.380167322834646 0.7692479354643259 105.1865157480315
0.5624298822082968 0.9939413532628648 4.406742125984252 0.782268836493029 114.08218503937007
0.5744321051617682 0.9939724984280216 4.405265748031496 0.7798282724832326 112.99163385826773
0.5975863683492989 0.9933896593381168 4.409817913385827 0.7846951577243151 115.13127460629921
0.6224425056329013 0.9912334663884447 5.147391732283465 0.756213324015335 141.75233759842519
0.5773344619341569 0.9939881842102466 4.390748031496063 0.7823244914861729 112.85617618110237
0.5891073459829066 0.9932683718685846 4.556471456692913 0.7802802197055201 121.69094488188976
0.5681608808099282 0.993798912282658 4.576771653543307 0.7730125272812707 117.90969488188975
0.568867504391406 0.9927804450318126 4.934055118110236 0.770343291344977 135.9664124015748
0.5500485295789146 0.9933089617835775 4.949064960629921 0.7646583073934601 130.9849901574803
0.566548363948197 0.9937956085369047 4.573572834645669 0.7767001021182848 118.88927165354332
0.5416192803595404 0.9935762745446369 4.9498031496063 0.7568639623554214 129.03272637795274
0.6105244330661892 0.9950228889771044 4.00369094488189 0.7877610111535409 95.54675196850393
0.5717291360582748 0.9942139255689094 4.205339566929134 0.7889944839431939 107.59251968503939
0.5544255374195269 0.994683493426756 4.200664370078741 0.777501648531662 100.44340551181105
0.5826739635651517 0.9940484608105994 4.208415354330709 0.7944808268706068 109.74434055118112
0.5555621357977586 0.9941178666838898 4.398129921259843 0.7827989119215928 113.87426181102363
0.5485103545526163 0.9940759980586125 4.568036417322834 0.771182279222658 113.83575295275588
0.5653319333492954 0.9949090467208703 4.00246062992126 0.7901161995746435 96.38508858267717
0.5849007124267966 0.9939485454960635 4.208415354330708 0.7914645653203188 108.61663385826772
0.5723639083056908 0.9928037303550808 5.079232283464567 0.7544911610342792 136.06840551181102
